product,quantity,rating,number of ratings,price,brand
Bgr 34 Tablet,bottle of 100 tablets,4.2,1082,546.0,Bgr
1mg Karela Pure Natural Extract 500mg Capsule,bottle of 60 capsules,4.2,205,198.0,1mg
Dr. Reckeweg R40 Diabetes Drop Homeopathic Medicine,bottle of 22 ml Drop,4.7,81,243.5,Dr.Reckeweg
SBL Syzygium Jambolanum Mother Tincture Q,bottle of 30 ml Mother Tincture,4.6,89,96.0,SBL
Dhootapapeshwar Madhumeha Kusumakar Rasa,box of 30 tablets,4.3,126,660.0,Dhootapapeshwar
Sugar Free Green Stevia Pellets,bottle of 300 pellets,4.3,524,184.9,Sugar
SBL Dibonil Drop,bottle of 30 ml Drop,4.6,80,108.45,SBL
IME 9 Tablet,bottle of 60 tablets,4.1,902,267.0,IME
Tata 1mg Ceylon Cinnamon 10:1 Ratio Extract for Blood Sugar Management 200mg Capsule,bottle of 30 capsules,4.4,55,99.0,Tata
So Sweet Stevia Sugar Free Tablet,bottle of 500 tablets,4.0,160,374.0,So
Dabur GlycoDab Tablet,bottle of 60 tablets,4.2,90,290.0,Dabur
Himalaya Diabecon Tablet,bottle of 60 tablets,4.1,92,124.0,Himalaya
SBL Gymnema Sylvestre Mother Tincture Q,bottle of 30 ml Mother Tincture,4.6,31,97.0,SBL
Dr. Reckeweg Syzygium Jamb Mother Tincture Q,bottle of 20 ml Mother Tincture,4.7,27,228.05,Dr.Reckeweg
Baidyanath Mahayograj Guggulu Tablet,strip of 40 tablets,4.1,77,196.0,Baidyanath
SBL Diaboherb Capsule,box of 100 capsules,0.0,0,362.0,SBL
ADEL 18 Glucorect Drop,bottle of 20 ml Drop,3.7,18,265.1,ADEL
Dabur Vasant Kusumakar Ras with Gold & Pearl Tablet,bottle of 100 tablets,4.1,108,4680.0,Dabur
SBL Cephalandra Indica Mother Tincture Q,bottle of 30 ml Mother Tincture,4.9,23,97.0,SBL
Baidyanath Laxmivilas Ras Tablet,bottle of 40 tablets,4.3,95,120.0,Baidyanath
Bjain Syzygium Jambolanum Mother Tincture Q,bottle of 100 ml Mother Tincture,4.7,31,179.55,Bjain
Dr Willmar Schwabe India Syzygium Jambolanum Trituration Tablet 1X,bottle of 20 gm Trituration Tablet,4.7,20,155.8,DrWillmar
Sri Sri Tattva Nishamalaki Tablet,bottle of 60 tablets,4.5,83,125.0,Sri
Berbeshine Tablet,strip of 10 tablets,4.1,35,230.98,Berbeshine
SBL Dibonil Tablet,bottle of 25 gm Tablet,4.4,22,135.2,SBL
SBL Abroma Augusta Mother Tincture Q,bottle of 30 ml Mother Tincture,4.9,17,97.0,SBL
Dhootapapeshwar Shilapravang (with Mouktik) Tablet,bottle of 100 tablets,4.1,40,386.0,Dhootapapeshwar
Dabur Madhu Rakshak,bottle of 250 gm Powder,4.2,88,319.0,Dabur
Bakson's Diab Aid Drop,bottle of 30 ml Drop,4.7,25,155.0,Bakson's
SBL Bio-Combination 7 Tablet,bottle of 25 gm Biocombination Tablet,4.6,8,91.85,SBL
Baidyanath Madhumehari Controls Blood Glucose Levels Naturally,bottle of 200 gm Powder,4.3,93,295.0,Baidyanath
Dr. Reckeweg Diabetic Care Combo (R40 + Syzygium Jamb Mother Tincture),packet of 1 Kit,4.0,5,456.0,Dr.Reckeweg
ADEL Acid Phos Mother Tincture Q,bottle of 20 ml Mother Tincture,4.3,8,243.5,ADEL
Dr Willmar Schwabe India Uranium Nitricum Trituration Tablet 4X,bottle of 20 gm Trituration Tablet,4.8,9,121.75,DrWillmar
SBL Syzygium Jambolanum Trituration Tablet 1X,bottle of 25 gm Trituration Tablet,4.5,11,136.23,SBL
"Baidyanath Basant Kusumakar Ras (S.C.M.Yu) with Gold, Silver & Pearl Maintains Blood Glucose Level",bottle of 25 tablets,4.0,210,1040.0,Baidyanath
SBL Ceanothus Americanus Mother Tincture Q,bottle of 30 ml Mother Tincture,4.7,7,296.0,SBL
Dr. Reckeweg Bio-Combination 7 (BC 7) Tablet,bottle of 20 gm Biocombination Tablet,4.9,13,165.1,Dr.Reckeweg
Bhargava Diaboral Tablet,box of 60 tablets,4.0,5,147.5,Bhargava
Unjha Makardhwaj Vati (Gold Coated),box of 30 tablets,4.5,13,751.0,Unjha
ADEL Syzygium Jambolanum Mother Tincture Q,bottle of 20 ml Mother Tincture,0.0,0,246.0,ADEL
Himalaya Koflet-SF Linctus,bottle of 100 ml Linctus,4.5,55,80.0,Himalaya
SBL Ammi Visnaga Mother Tincture Q,bottle of 30 ml Mother Tincture,0.0,0,170.0,SBL
Wheezal WL11 Diabetes Drop,bottle of 30 ml Drop,4.8,8,158.9,Wheezal
Dr. Reckeweg Gymnema Syl Mother Tincture Q,bottle of 20 ml Mother Tincture,0.0,0,228.05,Dr.Reckeweg
Dr Willmar Schwabe India Pancreatinum Trituration Tablet 3X,bottle of 20 gm Trituration Tablet,4.9,9,122.0,DrWillmar
Allen A08 Diabetes Drop,bottle of 30 ml Drop,0.0,0,152.0,Allen
Meghdoot Madhu Shoonya Tablet,bottle of 50 tablets,4.0,31,192.85,Meghdoot
Alma Sugar Free Tablet Low Calorie Sweetener,bottle of 650 tablets,4.3,18,549.0,Alma
Planet Ayurveda Phyllanthus Niruri Capsule,bottle of 60 capsules,0.0,0,1215.0,Planet
Dr. Reckeweg Ammi Visn Mother Tincture Q,bottle of 20 ml Mother Tincture,4.8,6,232.05,Dr.Reckeweg
Bakson B20 Sugar Drop,bottle of 30 ml Drop,4.7,6,155.8,Bakson
SBL Insulinum Dilution 30 CH,bottle of 30 ml Dilution,4.8,6,90.0,SBL
Swadeshi Sugar Nashak Vati,bottle of 60 tablets,3.6,42,167.91,Swadeshi
SBL Diaboherb Plus Oral Liquid Strawberry,bottle of 180 ml Liquid,0.0,0,102.15,SBL
1mg Fenugreek Oil Gluten Free for Blood Sugar Management 500mg Capsule,box of 60 capsules,4.4,8,448.0,1mg
Dr Willmar Schwabe India Ammi Visnaga Mother Tincture Q,bottle of 30 ml Mother Tincture,0.0,0,340.0,DrWillmar
Dr Willmar Schwabe India Cephalandra Indica Mother Tincture Q,bottle of 30 ml Mother Tincture,5.0,7,97.0,DrWillmar
Dr. Reckeweg Cephalandra Mother Tincture Q,bottle of 20 ml Mother Tincture,0.0,0,228.05,Dr.Reckeweg
Dr Willmar Schwabe India Alfalfa Tonic Homeopathic Medicine Sugar Free,bottle of 100 ml Tonic,0.0,0,147.0,DrWillmar
Dhootapapeshwar Mahalaxmivilas Rasa Premium Quality Suvarnakalpa,packet of 30 tablets,4.8,13,1172.0,Dhootapapeshwar
Basic Ayurveda Lauki Juice with Tulsi & Pudina,bottle of 1000 ml Juice,4.2,61,214.0,Basic
So Sweet Stevia Liquid Drop 100% Natural Sweetener Sugarfree,bottle of 20 ml Liquid,3.5,52,119.6,So
Solumiks Zpter Tablet,strip of 30 tablets,0.0,0,155.0,Solumiks
SBL Insulinum Dilution 200 CH,bottle of 30 ml Dilution,4.8,6,98.1,SBL
Dr. Reckeweg Insulinum Trituration Tablet 10X,bottle of 20 gm Trituration Tablet,0.0,0,216.0,Dr.Reckeweg
So Sweet Stevia Powder Sugar free Zero Calorie Sweetener,jar of 200 gm Powder,4.1,45,301.0,So
Dhootapapeshwar Mahayogaraj Guggul,bottle of 1000 tablets,4.8,34,5033.0,Dhootapapeshwar
Dr Willmar Schwabe India Abroma Augusta Mother Tincture Q,bottle of 30 ml Mother Tincture,0.0,0,97.0,DrWillmar
Meghdoot Mulethi Powder,bottle of 100 gm Powder,3.9,66,107.8,Meghdoot
Dr. Reckeweg Urea Pura Dilution 6 CH,bottle of 11 ml Dilution,3.8,6,125.0,Dr.Reckeweg
Dhootapapeshwar Laxmivilas (Naradeeya) Raskalp,bottle of 1000 tablets,4.4,25,3142.0,Dhootapapeshwar
Dr Willmar Schwabe India Syzygium Jambolanum Dilution 30 CH,bottle of 30 ml Dilution,0.0,0,90.0,DrWillmar
SBL Urea Dilution 6 CH,bottle of 30 ml Dilution,0.0,0,90.0,SBL
Bjain Arsenicum Bromatum Dilution 6 CH,bottle of 30 ml Dilution,3.8,5,87.0,Bjain
Dr. Reckeweg Urea Pura Dilution 30 CH,bottle of 11 ml Dilution,3.8,6,125.0,Dr.Reckeweg
Wheezal Diabonol Drop,bottle of 30 ml Drop,0.0,0,121.0,Wheezal
Tansukh Madhumeh Mantra Capsule,bottle of 60 capsules,4.2,6,269.0,Tansukh
Hapdco Sugarin Drop,bottle of 30 ml Drop,0.0,0,115.0,Hapdco
Dhootapapeshwar Yogendra Rasa Premium Quality Suvarnakalpa,packet of 30 tablets,3.3,8,5134.0,Dhootapapeshwar
Dr Willmar Schwabe India Pancreatinum Trituration Tablet 6X,bottle of 20 gm Trituration Tablet,4.9,9,120.75,DrWillmar
Dr. Reckeweg Insulin Dilution 30 CH,bottle of 11 ml Dilution,0.0,0,125.0,Dr.Reckeweg
Hapdco Laxosoft SF Powder,jar of 100 gm Powder,3.5,20,127.0,Hapdco
SBL Syzygium Jambolanum Dilution 200 CH,bottle of 30 ml Dilution,0.0,0,97.0,SBL
Dr Willmar Schwabe India Alfalfa General Health Tonic,bottle of 100 ml Tonic,0.0,0,108.0,DrWillmar
ADEL Pancreatinum Trituration Tablet 3X,bottle of 20 gm Trituration Tablet,0.0,0,257.0,ADEL
Haslab Drox 07 Diabet Drop,bottle of 30 ml Drop,0.0,0,146.0,Haslab
Fibocare Powder,box of 100 gm Powder,0.0,0,142.0,Fibocare
Dr Willmar Schwabe India Insulinum Dilution 30 CH,bottle of 30 ml Dilution,4.8,5,88.0,DrWillmar
Dr. Reckeweg Uranium Nitricum 4x Mother Tincture Q,bottle of 20 ml Mother Tincture,0.0,0,230.57,Dr.Reckeweg
Axiom Bone Power Capsule,box of 60 capsules,3.8,12,288.0,Axiom
Zindagi Stevia Sachet (1gm Each),packet of 100 Sachets,3.8,6,275.0,Zindagi
SBL Syzygium Jambolanum Dilution 30 CH,bottle of 30 ml Dilution,0.0,0,88.0,SBL
REPL Dr. Advice No.87 Polyuria Drop,bottle of 30 ml Drop,0.0,0,163.0,REPL
Medisynth Diabekoll Non-Sugar Syrup,bottle of 125 ml Syrup,0.0,0,113.0,Medisynth
New Life Diabesin N Sugar Free Syrup,bottle of 100 ml Syrup,0.0,0,90.0,New
Dr. Reckeweg Uranium Nitricum Dilution 30 CH,bottle of 11 ml Dilution,0.0,0,105.0,Dr.Reckeweg
Bjain Abroma Augusta Mother Tincture Homeopathic Medicine Q,bottle of 100 ml Mother Tincture,0.0,0,177.0,Bjain
Dr. Johns J-40 Blood Sugar Drop,bottle of 30 ml Drop,0.0,0,127.0,Dr.Johns
Dhootapapeshwar Heeraka Bhasma,bottle of 1 gm Powder,4.1,16,7261.0,Dhootapapeshwar
Meghdoot Madhu Shoonya Powder,box of 200 gm Powder,4.3,68,161.0,Meghdoot
SBL Urea Dilution 30 CH,bottle of 30 ml Dilution,0.0,0,90.0,SBL
Dhootapapeshwar Bruhat Kastoori Bhairav Premium Quality Suvarnakalpa,packet of 10 tablets,0.0,0,992.0,Dhootapapeshwar
Alma Stevia Tablet Natural Sweetener,bottle of 175 tablets,3.3,7,249.0,Alma
Dr. Reckeweg Diabetic Care Combo Pack of R40 Diabetes Drop 22ml & Syzygium Jamb Mother Tincture Q 20ml,combo pack of 2 bottles,4.7,108,471.55,Dr.Reckeweg
Dhootapapeshwar Tapyadi Loha,bottle of 5 gm Powder,3.6,5,479.0,Dhootapapeshwar
Axiom Goumutra Ark,bottle of 500 ml Liquid,3.9,46,77.0,Axiom
ADEL Acid Phosphoric Dilution 30 CH,bottle of 10 ml Dilution,0.0,0,128.0,ADEL
St. George’s Diabeto-Nil Drop,bottle of 30 ml Drop,0.0,0,145.5,St.
SBL Insulinum Dilution 1000 CH,bottle of 30 ml Dilution,4.8,6,129.0,SBL
Multani Diabetex Strong Capsule,strip of 30 capsules,0.0,0,89.0,Multani
Kairali Diaspa Capsule,box of 60 capsules,0.0,0,213.12,Kairali
Birla Ayurveda Nameha Tablet,bottle of 60 tablets,0.0,0,314.0,Birla
Bioforce Blooume 11 Diabo X Drop,bottle of 30 ml Drop,0.0,0,143.0,Bioforce
Bjain Syzygium Jambolanum Dilution 1000 CH,bottle of 100 ml Dilution,0.0,0,237.0,Bjain
Ayusya Nector Plus Capsule,bottle of 60 gm Capsule,0.0,0,826.0,Ayusya
SBL Ceanothus Americanus Dilution 30 CH,bottle of 30 ml Dilution,0.0,0,78.0,SBL
Herbal Hills Gurmar Powder Pack of 2,bottle of 100 gm Powder,0.0,0,235.0,Herbal
ADEL Vincetoxicum Mother Tincture Q,bottle of 20 ml Mother Tincture,0.0,0,292.0,ADEL
SBL Gymnema Sylvestre Dilution 30 CH,bottle of 30 ml Dilution,0.0,0,82.0,SBL
SBL Phaseolus Nanus Dilution 200 CH,bottle of 30 ml Dilution,0.0,0,97.0,SBL
Bjain Uranium Nitricum Dilution 200 CH,bottle of 100 ml Dilution,0.0,0,177.0,Bjain
Bjain Allium Sativum Dilution 12 CH,bottle of 10 ml Dilution,0.0,0,40.0,Bjain
Dr Willmar Schwabe India Acidum Lacticum Dilution 30 CH,bottle of 30 ml Dilution,0.0,0,82.0,DrWillmar
SBL Phaseolus Vulgaris Mother Tincture Q,bottle of 30 ml Mother Tincture,0.0,0,97.0,SBL
Dhootapapeshwar Swarnmakshik Bhasma,bottle of 10 gm Powder,0.0,0,128.0,Dhootapapeshwar
Basic Ayurveda Aloe Amla 50-Fifty Mix Juice,bottle of 1000 ml Juice,3.9,33,283.0,Basic
Dr. Reckeweg Acid Aceticum Dilution 30 CH,bottle of 11 ml Dilution,0.0,0,125.0,Dr.Reckeweg
Herb Essential Jamun (Syzygium Cumini) Powder,bottle of 1 kg Powder,0.0,0,650.0,Herb
Dr Willmar Schwabe India Ceanothus Americanus Dilution 1000 CH,bottle of 30 ml Dilution,0.0,0,112.0,DrWillmar
Bjain Arsenicum Bromatum Dilution 200 CH,bottle of 100 ml Dilution,3.8,5,177.0,Bjain
St. George’s Diabeto-Nil Tablet,bottle of 30 gm Tablet,0.0,0,135.0,St.
Swakalyan Madhumeh Niyantrak Capsule for Diabetes,bottle of 60 capsules,0.0,0,584.0,Swakalyan
Bjain Ammonium Aceticum Dilution 12 CH,bottle of 10 ml Dilution,0.0,0,45.0,Bjain
Dr. Reckeweg Uranium Nitricum Dilution 1000 CH,bottle of 11 ml Dilution,0.0,0,180.0,Dr.Reckeweg
Bjain Iodium Dilution 6X,bottle of 30 ml Dilution,0.0,0,115.0,Bjain
Dr Willmar Schwabe India Acidum Lacticum Dilution 200 CH,bottle of 30 ml Dilution,0.0,0,103.0,DrWillmar
Pragna Stevia Powder,packet of 90 gm Powder,2.4,9,97.0,Pragna
Jain Amla (Indian Gooseberry) Powder,box of 500 gm Powder,4.1,14,368.0,Jain
Zemaica Healthcare Sugar Control Plus Capsules Diabetes Care,bottle of 30 capsules,0.0,0,844.0,Zemaica
Dr. Reckeweg Insulin Dilution 6 CH,bottle of 11 ml Dilution,0.0,0,125.0,Dr.Reckeweg
Dr Willmar Schwabe India Uranium Nitricum Dilution 200 CH,bottle of 30 ml Dilution,0.0,0,99.0,DrWillmar
Dr Willmar Schwabe India Uranium Nitricum Dilution 30 CH,bottle of 30 ml Dilution,0.0,0,86.0,DrWillmar
Swadeshi Diabetes Care Pack,box of 1 Kit,0.0,0,569.0,Swadeshi
SBL Acidum Lacticum Mother Tincture Q,bottle of 30 ml Mother Tincture,0.0,0,97.0,SBL
Bjain Iodium Dilution 10M CH,bottle of 10 ml Dilution,0.0,0,143.0,Bjain
Bjain Ferrum Iodatum Dilution 200 CH,bottle of 10 ml Dilution,0.0,0,44.0,Bjain
SBL Syzygium Jambolanum Dilution 6 CH,bottle of 30 ml Dilution,0.0,0,90.0,SBL
Basic Ayurveda Diabe Gold Capsule,bottle of 40 capsules,0.0,0,400.0,Basic
Bjain Ferrum Iodatum Dilution 12 CH,bottle of 10 ml Dilution,0.0,0,41.0,Bjain
Bjain Ferrum Iodatum Dilution 30 CH,bottle of 30 ml Dilution,0.0,0,87.0,Bjain
Bjain Iodium Dilution 3X,bottle of 30 ml Dilution,0.0,0,115.0,Bjain
Wheezal Sachrol Tablet,bottle of 25 gm Tablet,0.0,0,161.0,Wheezal
Healwell Diboheal Drop,bottle of 30 ml Drop,0.0,0,143.0,Healwell
SBL Gymnema Sylvestre Dilution 3 CH,bottle of 30 ml Dilution,0.0,0,90.0,SBL
Herbal Hills Vijaysar Powder,packet of 1 kg Powder,4.2,5,350.0,Herbal
Bjain Cephalandra Indica Dilution 3X,bottle of 100 ml Dilution,0.0,0,207.0,Bjain
Bjain Ammonium Aceticum Dilution 30 CH,bottle of 10 ml Dilution,0.0,0,45.0,Bjain
Doliosis D30 Diabeties Drop,bottle of 30 ml Drop,0.0,0,167.0,Doliosis
Herbal Hills Haritaki Powder,packet of 1 kg Powder,3.3,9,317.0,Herbal
Bjain Syzygium Jambolanum Dilution 200 CH,bottle of 30 ml Dilution,0.0,0,102.0,Bjain
Bjain Syzygium Jambolanum Dilution 6X,bottle of 100 ml Dilution,0.0,0,205.0,Bjain
Zindagi Combo Pack of Stevia Dry Leaves (35gm) and Stevia Powder (50gm),combo pack of 2 Packs,0.0,0,236.0,Zindagi
Bjain Ceanothus Americanus Dilution 200 CH,bottle of 100 ml Dilution,0.0,0,175.0,Bjain
Bjain Acidum Sulphuricum Dilution 30 CH,bottle of 30 ml Dilution,0.0,0,87.0,Bjain
Dr Willmar Schwabe India Gymnema Sylvestre Dilution 6 CH,bottle of 30 ml Dilution,0.0,0,86.0,DrWillmar
Deve Herbes Pure Fenugreek (Methi) Carrier Oil,bottle of 30 ml Oil,4.0,6,549.0,Deve
Bjain Allium Sativum Dilution 30 CH,bottle of 100 ml Dilution,0.0,0,167.0,Bjain
ADEL Acid Carbolic Dilution 30 CH,bottle of 10 ml Dilution,0.0,0,119.0,ADEL
Bjain Abroma Augusta Dilution 6X,bottle of 30 ml Dilution,0.0,0,115.0,Bjain
Dr. Reckeweg Insulin Dilution CM CH,bottle of 11 ml Dilution,0.0,0,248.0,Dr.Reckeweg
Dr Willmar Schwabe India Ceanothus Americanus Dilution 30 CH,bottle of 30 ml Dilution,0.0,0,88.0,DrWillmar
Bjain Iodium Dilution 1000 CH,bottle of 30 ml Dilution,0.0,0,114.0,Bjain
Dr Willmar Schwabe India Uranium Nitricum Dilution 10M CH,bottle of 10 ml Dilution,0.0,0,185.0,DrWillmar
Bjain Phylanthus Nirurs Dilution 30 CH,bottle of 10 ml Dilution,0.0,0,45.0,Bjain
Bjain Syzygium Jambolanum Dilution 6 CH,bottle of 100 ml Dilution,0.0,0,167.0,Bjain
Haslab Bico 7 Biochemic Compound Tablet,bottle of 20 gm Tablet,0.0,0,70.0,Haslab
Bjain Syzygium Jambolanum Dilution 12 CH,bottle of 100 ml Dilution,0.0,0,167.0,Bjain
SBL Acidum Carbolicum Mother Tincture Q,bottle of 30 ml Mother Tincture,0.0,0,117.0,SBL
Pragna Bilva Fruit Powder,packet of 1 kg Powder,3.2,14,495.0,Pragna
Dr Willmar Schwabe India Gymnema Sylvestre Dilution 200 CH,bottle of 30 ml Dilution,0.0,0,85.0,DrWillmar
Bjain Kalium Aceticum Dilution 6 CH,bottle of 10 ml Dilution,0.0,0,45.0,Bjain
Bjain Abroma Augusta Dilution 30 CH,bottle of 100 ml Dilution,0.0,0,167.0,Bjain
Dr. Reckeweg Acid Aceticum Dilution 200 CH,bottle of 11 ml Dilution,0.0,0,145.0,Dr.Reckeweg
Bjain Iodium Dilution 30 CH,bottle of 10 ml Dilution,0.0,0,42.75,Bjain
SBL Urea Dilution 1000 CH,bottle of 30 ml Dilution,0.0,0,128.0,SBL
SBL Uranium Nitricum 0/28 LM,bottle of 20 gm Globules,0.0,0,157.0,SBL
SBL Syzygium Jambolanum Dilution 12 CH,bottle of 30 ml Dilution,0.0,0,90.0,SBL
Dr Willmar Schwabe India Uranium Nitricum Dilution 6 CH,bottle of 30 ml Dilution,0.0,0,86.0,DrWillmar
SBL Acidum Aceticum Mother Tincture Q,bottle of 30 ml Mother Tincture,0.0,0,97.0,SBL
Bjain Cephalandra Indica Dilution 30 CH,bottle of 10 ml Dilution,0.0,0,45.0,Bjain
SBL Cephalandra Indica Dilution 6 CH,bottle of 30 ml Dilution,0.0,0,90.0,SBL
Dr. Reckeweg Insulin Dilution 1000 CH,bottle of 11 ml Dilution,0.0,0,175.0,Dr.Reckeweg
Ayusya Ganoderma Extract Capsule,bottle of 60 gm Capsule,0.0,0,1068.0,Ayusya
Bjain Iodium Dilution 200 CH,bottle of 10 ml Dilution,0.0,0,47.5,Bjain
Bjain Uranium Nitricum Dilution 30 CH,bottle of 30 ml Dilution,0.0,0,87.0,Bjain
Dr. Reckeweg Acid Aceticum Dilution 1000 CH,bottle of 11 ml Dilution,0.0,0,180.0,Dr.Reckeweg
Multani Sugralo DM Tablet,bottle of 60 tablets,0.0,0,300.0,Multani
Dr Willmar Schwabe India Ceanothus Americanus Dilution 200 CH,bottle of 30 ml Dilution,0.0,0,100.0,DrWillmar
Bjain Allium Sativum Dilution 6X,bottle of 30 ml Dilution,0.0,0,115.0,Bjain
Naturmed's Guduchi Powder,jar of 200 gm Powder,0.0,0,145.5,Naturmed's
Naturz Ayurveda Jambu 425mg Capsule,bottle of 120 capsules,0.0,0,359.0,Naturz
Bjain Cephalandra Indica Dilution 6X,bottle of 100 ml Dilution,0.0,0,205.0,Bjain
Bjain Kalium Aceticum Dilution 30 CH,bottle of 30 ml Dilution,0.0,0,87.0,Bjain
Bjain Ammonium Aceticum Dilution 6 CH,bottle of 10 ml Dilution,0.0,0,45.0,Bjain
Indian Remedies Purified Shilajit Capsule,bottle of 100 capsules,3.3,6,537.0,Indian
Bjain Syzygium Jambolanum Dilution 3X,bottle of 30 ml Dilution,0.0,0,115.0,Bjain
Jeevan Ras Dhania Panchang Juice,bottle of 500 ml Juice,0.0,0,145.0,Jeevan
Bjain Iodium Dilution 6 CH,bottle of 10 ml Dilution,0.0,0,45.0,Bjain
Jeevan Ras Karela Juice,bottle of 500 ml Juice,0.0,0,186.0,Jeevan
Bjain Acidum Aceticum Dilution 200 CH,bottle of 100 ml Dilution,0.0,0,177.0,Bjain
Bjain Ceanothus Americanus Globules 30 CH,bottle of 6 gm Globules,0.0,0,85.0,Bjain
Bjain Cephalandra Indica Dilution 200 CH,bottle of 100 ml Dilution,0.0,0,173.0,Bjain
Bjain Acidum Aceticum Dilution 30 CH,bottle of 100 ml Dilution,0.0,0,167.0,Bjain
Bjain Cephalandra Indica Dilution 1000 CH,bottle of 10 ml Dilution,0.0,0,63.0,Bjain
Alma Combo Pack of Sugarfree 650 Tablet and Stevia 175 Tablet Low Calorie Sweetener,combo pack of 2 bottles,0.0,0,789.0,Alma
Dr Willmar Schwabe India Acidum Lacticum Dilution 6 CH,bottle of 30 ml Dilution,0.0,0,86.0,DrWillmar
Bjain Iodium Dilution 12 CH,bottle of 10 ml Dilution,0.0,0,45.0,Bjain
ADEL Urea Pura Dilution 200 CH,bottle of 10 ml Dilution,0.0,0,150.0,ADEL
Ayurvedic Life Gurmar Powder,packet of 1 kg Powder,0.0,0,587.0,Ayurvedic
Dr Willmar Schwabe India Uranium Nitricum Dilution 1000 CH,bottle of 30 ml Dilution,0.0,0,113.0,DrWillmar
SBL Ceanothus Americanus Dilution 6 CH,bottle of 30 ml Dilution,0.0,0,90.0,SBL
Planet Ayurveda Fenugreek Capsule,bottle of 60 capsules,0.0,0,1215.0,Planet
Dr Willmar Schwabe India Gymnema Sylvestre Dilution 1000 CH,bottle of 30 ml Dilution,0.0,0,113.0,DrWillmar
Bjain Syzygium Jambolanum Globules 6 CH,bottle of 6 gm Globules,0.0,0,76.0,Bjain
Bjain Acidum Lacticum Dilution 1000 CH,bottle of 30 ml Dilution,0.0,0,114.0,Bjain
Naturz Ayurveda Vijaysar Powder,packet of 1 kg Powder,0.0,0,537.0,Naturz
ADEL Urea Pura Dilution 1000 CH,bottle of 10 ml Dilution,0.0,0,195.0,ADEL
Bjain Arsenicum Bromatum Dilution 12 CH,bottle of 100 ml Dilution,3.8,5,167.0,Bjain
Sugarlif Sachet,packet of 1 Sachet,0.0,0,99.0,Sugarlif
Bjain Cephalandra Indica Globules 6X,bottle of 6 gm Globules,0.0,0,85.0,Bjain
Bjain Arsenicum Bromatum Globules 6 CH,bottle of 6 gm Globules,0.0,0,80.75,Bjain
Aadar Jeevani Powder (100gm Each) Bottle,box of 1 Bottle,0.0,0,130.0,Aadar
SBL Ceanothus Americanus Dilution 1000 CH,bottle of 30 ml Dilution,0.0,0,129.0,SBL
Bjain Phylanthus Nirurs Dilution 12 CH,bottle of 10 ml Dilution,0.0,0,40.0,Bjain
Ayurvedic Life Jambu Beej Powder,packet of 1 kg Powder,0.0,0,710.0,Ayurvedic
SBL Vincetoxicum Officinalis Dilution 200 CH,bottle of 30 ml Dilution,0.0,0,100.0,SBL
Bjain Allium Sativum Dilution 3X,bottle of 30 ml Dilution,0.0,0,115.0,Bjain
Dr. Reckeweg Acid Carbolic Dilution 10M CH,bottle of 11 ml Dilution,0.0,0,200.0,Dr.Reckeweg
Naturmed's Moringa Leaf Powder,jar of 200 gm Powder,3.6,5,211.0,Naturmed's
Zindagi Krishna Tulsi,bottle of 30 ml Liquid,4.7,6,181.0,Zindagi
Bjain Vaccinum Dilution 30 CH,bottle of 30 ml Dilution,0.0,0,87.0,Bjain
Jain Methi (Trigonella Foenum-Gaecum) Powder,box of 1 kg Powder,0.0,0,538.0,Jain
SBL Vincetoxicum Officinalis Dilution 30 CH,bottle of 30 ml Dilution,0.0,0,90.0,SBL
Dr Willmar Schwabe India Acidum Carbolicum Mother Tincture Q,bottle of 30 ml Mother Tincture,0.0,0,108.0,DrWillmar
Bjain Triticum Repens Dilution 6X,bottle of 30 ml Dilution,0.0,0,105.0,Bjain
Bjain Uranium Nitricum Dilution 6 CH,bottle of 30 ml Dilution,0.0,0,87.0,Bjain
Bjain Phylanthus Nirurs Dilution 1000 CH,bottle of 10 ml Dilution,0.0,0,54.0,Bjain
Bjain Alumen Dilution 30 CH,bottle of 30 ml Dilution,0.0,0,87.0,Bjain
Bjain Arsenicum Bromatum Globules 30 CH,bottle of 6 gm Globules,0.0,0,85.0,Bjain
SBL Uranium Muriaticum Dilution 30 CH,bottle of 30 ml Dilution,0.0,0,90.0,SBL
Bjain Ammonium Aceticum Mother Tincture Q,bottle of 100 ml Mother Tincture,0.0,0,172.0,Bjain
Bjain Allium Sativum Dilution 200 CH,bottle of 100 ml Dilution,0.0,0,175.0,Bjain
Bjain Acidum Sulphuricum Dilution 3X,bottle of 100 ml Dilution,0.0,0,205.0,Bjain
Bjain Ceanothus Americanus Dilution 6X,bottle of 100 ml Dilution,0.0,0,205.0,Bjain
Bjain Ceanothus Americanus Dilution 30 CH,bottle of 100 ml Dilution,0.0,0,167.0,Bjain
Dr. Reckeweg Acid Carbolic Dilution 200 CH,bottle of 11 ml Dilution,0.0,0,145.0,Dr.Reckeweg
Jeevan Ras Sugarcane Root Juice,bottle of 500 ml Juice,0.0,0,180.0,Jeevan
Bjain Acidum Sulphuricum Dilution 200 CH,bottle of 30 ml Dilution,0.0,0,102.0,Bjain
Naturz Ayurveda Gurmar Powder,packet of 1 kg Powder,0.0,0,589.0,Naturz
Bjain Ceanothus Americanus Dilution 3X,bottle of 100 ml Dilution,0.0,0,205.0,Bjain
Bjain Abroma Augusta Dilution 200 CH,bottle of 100 ml Dilution,0.0,0,175.0,Bjain
Bjain Acidum Aceticum Dilution 6 CH,bottle of 30 ml Dilution,0.0,0,87.0,Bjain
Bjain Acidum Sulphuricum Dilution 6X,bottle of 100 ml Dilution,0.0,0,205.0,Bjain
Bjain Cephalandra Indica Globules 3X,bottle of 6 gm Globules,0.0,0,85.0,Bjain
Bjain Acidum Aceticum Dilution 3X,bottle of 30 ml Dilution,0.0,0,115.0,Bjain
Bjain Uranium Nitricum Dilution 12 CH,bottle of 30 ml Dilution,0.0,0,87.0,Bjain
Bjain Colocynthis Globules 12 CH,bottle of 6 gm Globules,0.0,0,85.0,Bjain
Bjain Iodium Dilution 50M CH,bottle of 30 ml Dilution,0.0,0,297.0,Bjain
Bjain Uranium Nitricum Globules 1000 CH,bottle of 6 gm Globules,0.0,0,85.0,Bjain
Bjain Colocynthis Globules 200 CH,bottle of 6 gm Globules,0.0,0,85.0,Bjain
Bjain Alumen Dilution 200 CH,bottle of 100 ml Dilution,0.0,0,177.0,Bjain
Diazed Capsule,strip of 10 capsules,0.0,0,53.0,Diazed
Bjain Triticum Repens Dilution 200 CH,bottle of 30 ml Dilution,0.0,0,102.0,Bjain
SBL Gymnema Sylvestre Dilution 12 CH,bottle of 30 ml Dilution,0.0,0,90.0,SBL
Bjain Ferrum Iodatum Dilution 1000 CH,bottle of 30 ml Dilution,0.0,0,114.0,Bjain
Bjain Uranium Nitricum Globules 200 CH,bottle of 6 gm Globules,0.0,0,80.75,Bjain
Dr. Reckeweg Ceanothus A Dilution 3X,bottle of 11 ml Dilution,0.0,0,125.0,Dr.Reckeweg
Dr. Reckeweg Acid Carbolic Dilution 1000 CH,bottle of 11 ml Dilution,0.0,0,180.0,Dr.Reckeweg
Basic Ayurveda Basic 5 Greens Panch Ras,bottle of 500 ml Juice,3.9,14,226.0,Basic
Jain Jamun (Syzygium Cumini) Powder,bottle of 500 gm Powder,0.0,0,372.0,Jain
Aadar Jeevani 500mg Capsule (60 Each) Bottle,box of 1 Bottle,0.0,0,155.0,Aadar
ADEL Ceanothus Dilution 200 CH,bottle of 10 ml Dilution,0.0,0,150.0,ADEL
Nature's Velvet Karela Pure Extract 500mg Capsule,bottle of 60 capsules,0.0,0,495.0,Nature's
BestSource Nutrition Fit Body Diabetes Care Capsule,bottle of 60 capsules,0.0,0,1140.0,BestSource
Naturmed's Methi Powder,packet of 450 gm Powder,0.0,0,262.0,Naturmed's
Bjain Acidum Sulphuricum Dilution 12 CH,bottle of 10 ml Dilution,0.0,0,40.0,Bjain
Bjain Abroma Augusta Dilution 3X,bottle of 100 ml Dilution,0.0,0,207.0,Bjain
Bjain Iodium Mother Tincture Q,bottle of 100 ml Mother Tincture,0.0,0,834.0,Bjain
Dr. Reckeweg Ceanothus A Dilution 200 CH,bottle of 11 ml Dilution,0.0,0,145.0,Dr.Reckeweg
Ayurvedic Life Baelpatra Powder,packet of 1 kg Powder,0.0,0,524.0,Ayurvedic
Jeevan Ras Shrifal Leaf Juice,bottle of 500 ml Juice,0.0,0,248.0,Jeevan
Bjain Triticum Repens Mother Tincture Q,bottle of 100 ml Mother Tincture,0.0,0,408.0,Bjain
Madren Healthcare Nil-Sugar Capsule,bottle of 60 capsules,0.0,0,449.0,Madren
Bjain Iodium Globules 3X,bottle of 6 gm Globules,0.0,0,85.0,Bjain
Dr. Reckeweg Ceanothus A Dilution 1000 CH,bottle of 11 ml Dilution,0.0,0,180.0,Dr.Reckeweg
Bjain Acidum Sulphuricum Dilution 1000 CH,bottle of 100 ml Dilution,0.0,0,237.0,Bjain
Bjain Syzygium Jambolanum Globules 6X,bottle of 6 gm Globules,0.0,0,80.75,Bjain
ADEL Acid Acet Dilution 30 CH,bottle of 10 ml Dilution,0.0,0,123.0,ADEL
Khadi Pure Herbal Pineapple Essential Oil,bottle of 15 ml Oil,0.0,0,339.0,Khadi
SBL Uranium Nitricum 0/25 LM,bottle of 20 gm Globules,0.0,0,157.0,SBL
Dr Willmar Schwabe India Eupatorium Purpurium Dilution 200 CH,bottle of 30 ml Dilution,0.0,0,98.0,DrWillmar
Medilexicon Dibolex Drop,bottle of 30 ml Drop,0.0,0,155.0,Medilexicon
SBL Kali Aceticum Dilution 30 CH,bottle of 30 ml Dilution,0.0,0,90.0,SBL
SBL Urea Dilution 12 CH,bottle of 30 ml Dilution,0.0,0,90.0,SBL
Deve Herbes Pure Amla/Emblica Officinalis Oil,bottle of 30 ml Oil,0.0,0,354.0,Deve
SBL Uranium Nitricum 0/3 LM,bottle of 20 gm Globules,0.0,0,157.0,SBL
Way2Herbal Baelpatra Powder,packet of 1 kg Powder,0.0,0,536.0,Way2Herbal
Bjain Uranium Nitricum Globules 30 CH,bottle of 6 gm Globules,0.0,0,76.0,Bjain
Bjain Acidum Aceticum Dilution 6X,bottle of 30 ml Dilution,0.0,0,115.0,Bjain
Way2Herbal Jambu Beej Powder,packet of 1 kg Powder,0.0,0,646.0,Way2Herbal
Life Aveda Advanced Dia-Revival Veg Capsule,bottle of 60 vegicaps,0.0,0,609.0,Life
Bjain Triticum Repens Dilution 3X,bottle of 30 ml Dilution,0.0,0,115.0,Bjain
SBL Cephalandra Indica Dilution 1000 CH,bottle of 30 ml Dilution,0.0,0,128.0,SBL
SBL Gymnema Sylvestre Dilution 6 CH,bottle of 30 ml Dilution,0.0,0,90.0,SBL
Bjain Acidum Carbolicum Mother Tincture Q,bottle of 100 ml Mother Tincture,0.0,0,283.0,Bjain
Bjain Cephalandra Indica Dilution 6 CH,bottle of 100 ml Dilution,0.0,0,167.0,Bjain
Way2Herbal Vijaysar Powder,packet of 1 kg Powder,0.0,0,544.0,Way2Herbal
SBL Phaseolus Nanus Dilution 1000 CH,bottle of 30 ml Dilution,0.0,0,128.0,SBL
Deve Herbes Pure Flax Seed Cold Pressed Oil,bottle of 50 ml Oil,0.0,0,293.0,Deve
ADEL Acid Phosphoric Dilution 1000 CH,bottle of 10 ml Dilution,0.0,0,195.0,ADEL
SBL Uranium Nitricum 0/14 LM,bottle of 20 gm Globules,0.0,0,157.0,SBL
Bjain Syzygium Jambolanum Globules 3X,bottle of 6 gm Globules,0.0,0,80.75,Bjain
Bjain Triticum Repens Dilution 30 CH,bottle of 30 ml Dilution,0.0,0,87.0,Bjain
Bjain Acidum Sulphuricum Dilution 6 CH,bottle of 30 ml Dilution,0.0,0,87.0,Bjain
Pragna Karela Powder Pack of 2,packet of 90 gm Powder,0.0,0,114.0,Pragna
Naturmed's Mamejevo Powder,jar of 200 gm Powder,0.0,0,176.0,Naturmed's
Bjain Acidum Aceticum Dilution 12 CH,bottle of 100 ml Dilution,0.0,0,167.0,Bjain
Ayukriti Herbals Amla Juice,bottle of 500 ml Juice,0.0,0,271.0,Ayukriti
Deve Herbes Pure Sesame/Sesamum Indicum Cold Pressed Oil,bottle of 100 ml Oil,0.0,0,293.0,Deve
SBL Uranium Nitricum 0/18 LM,bottle of 20 gm Globules,0.0,0,157.0,SBL
SBL Acid Aceticum Dilution 3 CH,bottle of 30 ml Dilution,0.0,0,90.0,SBL
Ayurvedic Life Methi Seeds Powder,packet of 1 kg Powder,0.0,0,710.0,Ayurvedic
SBL Acid Aceticum Dilution 12 CH,bottle of 30 ml Dilution,0.0,0,90.0,SBL
SBL Uranium Nitricum 0/22 LM,bottle of 20 gm Globules,0.0,0,157.0,SBL
SBL Vincetoxicum Officinalis Dilution 6 CH,bottle of 30 ml Dilution,0.0,0,90.0,SBL
Bjain Iodium Globules 6X,bottle of 6 gm Globules,0.0,0,76.0,Bjain
Bjain Alumen Dilution 1000 CH,bottle of 30 ml Dilution,0.0,0,114.0,Bjain
SBL Vincetoxicum Officinalis Dilution 1000 CH,bottle of 30 ml Dilution,0.0,0,135.0,SBL
Dr. Reckeweg Insulin Dilution 10M CH,bottle of 11 ml Dilution,0.0,0,200.0,Dr.Reckeweg
Bjain Ammonium Aceticum Dilution 1000 CH,bottle of 100 ml Dilution,0.0,0,234.0,Bjain
Dr. Reckeweg Ceanothus A Dilution CM CH,bottle of 11 ml Dilution,0.0,0,248.0,Dr.Reckeweg
Bjain Ammonium Aceticum Dilution 6X,bottle of 10 ml Dilution,0.0,0,70.0,Bjain
Bjain Acidum Lacticum Dilution 200 CH,bottle of 100 ml Dilution,0.0,0,175.0,Bjain
Bjain Abroma Augusta Dilution 12 CH,bottle of 30 ml Dilution,0.0,0,82.0,Bjain
SBL Uranium Muriaticum Dilution 6 CH,bottle of 30 ml Dilution,0.0,0,90.0,SBL
Bjain Syzygium Jambolanum Dilution 30 CH,bottle of 30 ml Dilution,0.0,0,87.0,Bjain
Bjain Ceanothus Americanus Dilution 1000 CH,bottle of 100 ml Dilution,0.0,0,234.0,Bjain
Planet Ayurveda Diableen Vege Capsule,bottle of 60 vegicaps,0.0,0,1215.0,Planet
Naturz Ayurveda Methi Seeds Powder,packet of 1 kg Powder,0.0,0,628.0,Naturz
Bjain Ceanothus Americanus Globules 3X,bottle of 6 gm Globules,0.0,0,85.0,Bjain
Bjain Ferrum Iodatum Dilution 6 CH,bottle of 10 ml Dilution,0.0,0,42.75,Bjain
Bjain Triticum Repens Globules 6X,bottle of 6 gm Globules,0.0,0,76.0,Bjain
Dr Willmar Schwabe India Phaseolus Vulgaris Mother Tincture Q,bottle of 30 ml Mother Tincture,0.0,0,223.0,DrWillmar
SBL Uranium Nitricum 0/11 LM,bottle of 20 gm Globules,0.0,0,157.0,SBL
Bjain Arsenicum Bromatum Globules 1000 CH,bottle of 6 gm Globules,0.0,0,85.0,Bjain
Bjain Syzygium Jambolanum Globules 1000 CH,bottle of 6 gm Globules,0.0,0,85.0,Bjain
SBL Uranium Muriaticum Dilution 200 CH,bottle of 30 ml Dilution,0.0,0,97.0,SBL
SBL Acid Aceticum Dilution 6 CH,bottle of 30 ml Dilution,0.0,0,90.0,SBL
Dr Willmar Schwabe India Acidum Lacticum Dilution 1000 CH,bottle of 30 ml Dilution,0.0,0,113.0,DrWillmar
Bjain Alumen Dilution 10M CH,bottle of 100 ml Dilution,0.0,0,404.0,Bjain
SBL Kali Aceticum Dilution 200 CH,bottle of 30 ml Dilution,0.0,0,97.0,SBL
Bjain Ceanothus Americanus Dilution 6 CH,bottle of 100 ml Dilution,0.0,0,167.0,Bjain
Bjain Acidum Aceticum Mother Tincture Q,bottle of 30 ml Mother Tincture,0.0,0,100.0,Bjain
Bjain Cephalandra Indica Globules 6 CH,bottle of 6 gm Globules,0.0,0,76.0,Bjain
Bjain Allium Sativum Dilution 6 CH,bottle of 100 ml Dilution,0.0,0,167.0,Bjain
Bjain Arsenicum Bromatum Globules 12 CH,bottle of 6 gm Globules,0.0,0,85.0,Bjain
Bjain Cephalandra Indica Globules 30 CH,bottle of 6 gm Globules,0.0,0,85.0,Bjain
Bjain Iodium Globules 12 CH,bottle of 6 gm Globules,0.0,0,85.0,Bjain
Bjain Ammonium Aceticum Dilution 200X,bottle of 30 ml Dilution,0.0,0,102.0,Bjain
Bjain Colocynthis Globules 6 CH,bottle of 6 gm Globules,0.0,0,85.0,Bjain
Bjain Acidum Lacticum Dilution 6 CH,bottle of 30 ml Dilution,0.0,0,82.0,Bjain
SBL Uranium Nitricum 0/6 LM,bottle of 20 gm Globules,0.0,0,157.0,SBL
Bjain Cephalandra Indica Dilution 12 CH,bottle of 100 ml Dilution,0.0,0,157.0,Bjain
SBL Uranium Nitricum 0/27 LM,bottle of 20 gm Globules,0.0,0,157.0,SBL
Bjain Triticum Repens Dilution 12 CH,bottle of 30 ml Dilution,0.0,0,82.0,Bjain
Bjain Cephalandra Indica Globules 12 CH,bottle of 6 gm Globules,0.0,0,85.0,Bjain
Bjain Cephalandra Indica Globules 1000 CH,bottle of 6 gm Globules,0.0,0,80.75,Bjain
Bjain Ceanothus Americanus Globules 1000 CH,bottle of 6 gm Globules,0.0,0,85.0,Bjain
Bjain Syzygium Jambolanum Globules 30 CH,bottle of 6 gm Globules,0.0,0,76.0,Bjain
Bjain Triticum Repens Globules 200 CH,bottle of 6 gm Globules,0.0,0,85.0,Bjain
Deve Herbes Pure Aloe Vera/Aloe Barbadensis Cold Pressed Oil,bottle of 100 ml Oil,0.0,0,989.0,Deve
Dr. Reckeweg Acid Aceticum Dilution 10M CH,bottle of 11 ml Dilution,0.0,0,200.0,Dr.Reckeweg
SBL Uranium Nitricum 0/21 LM,bottle of 20 gm Globules,0.0,0,157.0,SBL
Bjain Vaccinum Dilution 200 CH,bottle of 30 ml Dilution,0.0,0,102.0,Bjain
SBL Uranium Nitricum 0/29 LM,bottle of 20 gm Globules,0.0,0,157.0,SBL
ADEL Ceanothus Dilution 30 CH,bottle of 10 ml Dilution,0.0,0,130.0,ADEL
SBL Uranium Nitricum 0/17 LM,bottle of 20 gm Globules,0.0,0,157.0,SBL
Bjain Ferrum Iodatum Globules 12 CH,bottle of 6 gm Globules,0.0,0,85.0,Bjain
Bjain Acidum Lacticum Globules 6 CH,bottle of 6 gm Globules,0.0,0,85.0,Bjain
Bjain Phylanthus Nirurs Dilution 200 CH,bottle of 100 ml Dilution,0.0,0,175.0,Bjain
Bjain Ammonium Aceticum Dilution 3X,bottle of 10 ml Dilution,0.0,0,70.0,Bjain
Bjain Kalium Aceticum Globules 6 CH,bottle of 6 gm Globules,0.0,0,85.0,Bjain
Bjain Triticum Repens Dilution 1000 CH,bottle of 100 ml Dilution,0.0,0,234.0,Bjain
Bjain Ferrum Iodatum Globules 6 CH,bottle of 6 gm Globules,0.0,0,85.0,Bjain
SBL Uranium Nitricum 0/12 LM,bottle of 20 gm Globules,0.0,0,157.0,SBL
Bjain Phylanthus Nirurs Dilution 6 CH,bottle of 100 ml Dilution,0.0,0,167.0,Bjain
Bjain Kalium Aceticum Dilution 200 CH,bottle of 30 ml Dilution,0.0,0,102.0,Bjain
Bjain Triticum Repens Dilution 6 CH,bottle of 100 ml Dilution,0.0,0,157.0,Bjain
SBL Vincetoxicum Officinalis Dilution 12 CH,bottle of 30 ml Dilution,0.0,0,90.0,SBL
Bjain Uranium Nitricum Globules 6 CH,bottle of 6 gm Globules,0.0,0,76.0,Bjain
Bjain Alumen Dilution 6 CH,bottle of 30 ml Dilution,0.0,0,82.0,Bjain
Bjain Kalium Aceticum Globules 1000 CH,bottle of 6 gm Globules,0.0,0,85.0,Bjain
SBL Uranium Muriaticum Dilution 12 CH,bottle of 30 ml Dilution,0.0,0,90.0,SBL
Herb Essential Karela (Momordica Charantia) Powder,packet of 100 gm Powder,0.0,0,140.0,Herb
Bjain Ceanothus Americanus Globules 12 CH,bottle of 6 gm Globules,0.0,0,85.0,Bjain
SBL Uranium Nitricum 0/24 LM,bottle of 20 gm Globules,0.0,0,157.0,SBL
Bjain Vaccinum Dilution 12 CH,bottle of 100 ml Dilution,0.0,0,157.0,Bjain
SBL Uranium Nitricum 0/26 LM,bottle of 20 gm Globules,0.0,0,157.0,SBL
SBL Uranium Nitricum 0/19 LM,bottle of 20 gm Globules,0.0,0,157.0,SBL
Bjain Acidum Aceticum Dilution 1000 CH,bottle of 100 ml Dilution,0.0,0,234.0,Bjain
Bjain Ferrum Iodatum Dilution 10M CH,bottle of 10 ml Dilution,0.0,0,114.0,Bjain
Bjain Abroma Augusta Dilution 1000 CH,bottle of 30 ml Dilution,0.0,0,114.0,Bjain
Bjain Alumen Dilution 12 CH,bottle of 30 ml Dilution,0.0,0,87.0,Bjain
Bjain Triticum Repens Globules 3X,bottle of 6 gm Globules,0.0,0,85.0,Bjain
SBL Uranium Nitricum 0/5 LM,bottle of 20 gm Globules,0.0,0,157.0,SBL
Bjain Abroma Augusta Dilution 6 CH,bottle of 100 ml Dilution,0.0,0,157.0,Bjain
Bjain Acidum Lacticum Globules 1000 CH,bottle of 6 gm Globules,0.0,0,85.0,Bjain
Shivalik Herbals Karela 500mg Capsule Pack of 2,bottle of 60 capsules,0.0,0,519.0,Shivalik
Bjain Kalium Aceticum Dilution 1000 CH,bottle of 100 ml Dilution,0.0,0,216.0,Bjain
Bjain Ferrum Iodatum Globules 200 CH,bottle of 6 gm Globules,0.0,0,76.0,Bjain
Bjain Ceanothus Americanus Globules 6X,bottle of 6 gm Globules,0.0,0,85.0,Bjain
Bjain Ammonium Aceticum Dilution 200 CH,bottle of 100 ml Dilution,0.0,0,166.0,Bjain
Bjain Ceanothus Americanus Dilution 12 CH,bottle of 30 ml Dilution,0.0,0,82.0,Bjain
Bjain Triticum Repens Globules 1000 CH,bottle of 6 gm Globules,0.0,0,85.0,Bjain
Bjain Allium Sativum Dilution 1000 CH,bottle of 30 ml Dilution,0.0,0,114.0,Bjain
Bjain Cephalandra Indica Globules 200 CH,bottle of 6 gm Globules,0.0,0,76.0,Bjain
Bjain Acidum Lacticum Globules 12 CH,bottle of 6 gm Globules,0.0,0,76.0,Bjain
SBL Kali Aceticum Dilution 1000 CH,bottle of 30 ml Dilution,0.0,0,135.0,SBL
Bjain Ferrum Iodatum Globules 1000 CH,bottle of 6 gm Globules,0.0,0,85.0,Bjain
Bjain Triticum Repens Globules 6 CH,bottle of 6 gm Globules,0.0,0,85.0,Bjain
Bjain Ceanothus Americanus Globules 200 CH,bottle of 6 gm Globules,0.0,0,76.0,Bjain
SBL Uranium Nitricum 0/7 LM,bottle of 20 gm Globules,0.0,0,157.0,SBL
Bjain Triticum Repens Globules 30 CH,bottle of 6 gm Globules,0.0,0,85.0,Bjain
Bjain Colocynthis Globules 3X,bottle of 6 gm Globules,0.0,0,85.0,Bjain
Bjain Acidum Lacticum Dilution 12 CH,bottle of 100 ml Dilution,0.0,0,167.0,Bjain
Bjain Acidum Lacticum Globules 200 CH,bottle of 6 gm Globules,0.0,0,76.0,Bjain
SBL Kali Aceticum Dilution 12 CH,bottle of 30 ml Dilution,0.0,0,90.0,SBL
Bjain Uranium Nitricum Globules 12 CH,bottle of 6 gm Globules,0.0,0,85.0,Bjain
SBL Uranium Nitricum 0/8 LM,bottle of 20 gm Globules,0.0,0,157.0,SBL
SBL Uranium Nitricum 0/15 LM,bottle of 20 gm Globules,0.0,0,157.0,SBL
Bjain Colocynthis Globules 1000 CH,bottle of 6 gm Globules,0.0,0,85.0,Bjain
Bjain Kalium Aceticum Globules 200 CH,bottle of 6 gm Globules,0.0,0,76.0,Bjain
Bjain Colocynthis Globules 6X,bottle of 6 gm Globules,0.0,0,85.0,Bjain
Bjain Vaccinum Dilution 1000 CH,bottle of 100 ml Dilution,0.0,0,216.0,Bjain
SBL Kali Aceticum Dilution 6 CH,bottle of 30 ml Dilution,0.0,0,90.0,SBL
Bjain Acidum Lacticum Dilution 30 CH,bottle of 30 ml Dilution,0.0,0,87.0,Bjain
SBL Uranium Muriaticum Dilution 1000 CH,bottle of 30 ml Dilution,0.0,0,128.0,SBL
Bjain Kalium Aceticum Globules 12 CH,bottle of 6 gm Globules,0.0,0,76.0,Bjain
SBL Uranium Nitricum 0/2 LM,bottle of 20 gm Globules,0.0,0,157.0,SBL
Bjain Vaccinum Dilution 10M CH,bottle of 30 ml Dilution,0.0,0,260.0,Bjain
Eco Ensulin Veg Caps,bottle of 90 vegicaps,0.0,0,349.0,Eco
NOW Foods Tri-Chromium 500mcg Veg Capsule,bottle of 90 capsules,0.0,0,975.0,NOW
LDD Bioscience Syzygium Jambolanum Mother Tincture Q,bottle of 100 ml Mother Tincture,0.0,0,172.8,LDD
Vitomax Capsule,strip of 10 capsules,0.0,0,221.06,Vitomax
Yuvika Vijaysar - Pterocarpus Marsupium - Indian Kino,packet of 100 gm Bark,0.0,0,179.0,Yuvika
Bio-Av Ginger Tablet,bottle of 30 tablets,0.0,0,330.0,Bio-Av
St. George’s Spirulina Mother Tincture Q,bottle of 30 ml Mother Tincture,0.0,0,196.0,St.
German's Diabetic Care and Cure Drop,bottle of 30 ml Drop,0.0,0,142.5,German's
Dr. Reckeweg R86 Low Blood Sugar Drop,bottle of 30 ml Drop,0.0,0,271.0,Dr.Reckeweg
BHP Syzy-Gym Compound Syrup,bottle of 100 ml Syrup,0.0,0,90.0,BHP
St. George’s Aloe Vera Mother Tincture Q,bottle of 30 ml Mother Tincture,0.0,0,181.0,St.
Alnavedic Alnameh Jamun Neem Karela Ras,bottle of 450 ml Liquid,2.0,6,226.0,Alnavedic
Natural Karela 500mg Capsule,bottle of 60 capsules,0.0,0,449.0,Natural
Virgo Healthcare Lycovir Capsule,strip of 10 capsules,0.0,0,137.0,Virgo
Lord's Syzygium Jamb Mother Tincture Q,bottle of 30 ml Mother Tincture,0.0,0,95.0,Lord's
Nutriley CRD Ayurveda Diabakon  Capsule,bottle of 60 capsules,0.0,0,420.0,Nutriley
Lord's Helonias Dioica Mother Tincture Q,bottle of 30 ml Mother Tincture,0.0,0,204.25,Lord's
Hering Pharma Spirulina Mother Tincture Q,bottle of 30 ml Mother Tincture,0.0,0,171.0,Hering
Ralson Remedies Pankreaso Drop,bottle of 30 ml Drop,0.0,0,138.0,Ralson
Prime Health-UK Syzgium PH Drop,bottle of 30 ml Drop,0.0,0,675.0,Prime
Sen Coq Capsule,strip of 10 capsules,0.0,0,382.5,Sen
Satvyk Organic Drumsticks Leaves Powder,packet of 100 gm Powder,3.7,7,95.0,Satvyk
Dr. Wellmans WHL Diebeto Care Drop,bottle of 30 ml Drop,0.0,0,144.0,Dr.Wellmans
Deep Ayurveda Diacure for Diabetes Management Extract Based Capsule,bottle of 30 capsules,0.0,0,295.0,Deep
Dr Willmar Schwabe Germany Andrographis Paniculata Mother Tincture Q,bottle of 20 ml Mother Tincture,0.0,0,430.0,DrWillmar
Hering Pharma Insulinum Trituration Tablet 6X,jar of 450 gm Trituration Tablet,0.0,0,660.0,Hering
Supermucil Lactogol Orange Granules,bottle of 90 gm Granules,0.0,0,207.0,Supermucil
Similia Insulin Trituration Tablet 6X,bottle of 450 gm Trituration Tablet,0.0,0,732.0,Similia
Np's Diatex Drop for Diabetes,bottle of 30 ml Drop,0.0,0,142.0,Np's
Wheezal WL13 Glandula Drop,bottle of 30 ml Drop,0.0,0,155.0,Wheezal
Bakson's Biocombination 7 Tablet,bottle of 4500 biocombination tablets,0.0,0,655.0,Bakson's
Narbada Ayurveda Dia Herb - Diabetes Herbal Powder,packet of 100 gm Powder,0.0,0,182.0,Narbada
Excel AKG 05 E-Diabetic Drop,bottle of 30 ml Drop,0.0,0,142.0,Excel
Pioneer Pharma P9 Sugar Nil Drop,bottle of 30 ml Drop,0.0,0,160.0,Pioneer
Nutriherbs Grapes Seed Extract 500mg Capsule,bottle of 90 capsules,3.7,9,689.0,Nutriherbs
Lord's Rhus Arom Mother Tincture Q,bottle of 30 ml Mother Tincture,0.0,0,190.0,Lord's
Raayancha Herbals DB Capsule for Diabetes,bottle of 60 capsules,0.0,0,799.0,Raayancha
Medlife Essentials Diabetasafe Tablet,bottle of 60 tablets,0.0,0,649.0,Medlife
Dr. Reckeweg Insulin Dilution 3X,bottle of 11 ml Dilution,0.0,0,125.0,Dr.Reckeweg
Bjain Cephalandra Indica Mother Tincture Q,bottle of 100 ml Mother Tincture,4.7,6,179.55,Bjain
Dr. Reckeweg Arsenicum Brom Dilution 30 CH,bottle of 11 ml Dilution,0.0,0,125.0,Dr.Reckeweg
Normodiab Tablet,bottle of 60 tablets,0.0,0,990.0,Normodiab
Diabe 250 Tablet,bottle of 60 tablets,0.0,0,355.0,Diabe
HealthVit Dudhi Powder,packet of 100 gm Powder,0.0,0,239.8,HealthVit
Vedic Upchar DIG-RI (DC-24) Capsule,bottle of 60 capsules,0.0,0,780.0,Vedic
Kottakkal Ayurveda Aragvadhadi Kashayam,bottle of 200 ml Liquid,0.0,0,100.0,Kottakkal
Dr. Johns Dianil Sugar Free Tonic,bottle of 120 ml Tonic,0.0,0,75.0,Dr.Johns
Medilexicon Glucocare Tablet,bottle of 100 gm Tablet,0.0,0,378.0,Medilexicon
Dr. Reckeweg Arsenicum Brom Dilution 6 CH,bottle of 11 ml Dilution,0.0,0,125.0,Dr.Reckeweg
Madren Healthcare Bitter Melon 250mg Capsule,bottle of 60 capsules,0.0,0,215.0,Madren
Kerala Ayurveda Liposem Syrup,bottle of 450 ml Syrup,0.0,0,255.0,Kerala
Bjain GYMNEMA SYLVESTRE Mother Tincture Q,bottle of 30 ml Mother Tincture,0.0,0,69.0,Bjain
Dr. Reckeweg Arsenicum Brom Dilution 3X,bottle of 11 ml Dilution,0.0,0,125.0,Dr.Reckeweg
Vaidhyashala Amalaki Churn,bottle of 100 gm Churna,0.0,0,150.0,Vaidhyashala
DM-Blue Tablet,strip of 10 tablets,0.0,0,120.0,DM-Blue
Axiom Madhumrita Navel Ointment,tube of 15 ml Ointment,0.0,0,100.0,Axiom
Bjain Uranium Nitricum Globules 3X,bottle of 6 gm Globules,0.0,0,85.0,Bjain
Dr. Reckeweg Urea Pura Dilution 3X,bottle of 11 ml Dilution,3.8,6,125.0,Dr.Reckeweg
Kalpamrit Energy Management Regulator,bottle of 120 ml Liquid,0.0,0,333.0,Kalpamrit
SAN-F Fenugreek Oil Capsule,strip of 10 capsules,0.0,0,200.0,SAN-F
MD Homoeo Dibeno Mixture,bottle of 30 ml Liquid,0.0,0,100.0,MD
Goodcare Diabet Guard Granules,box of 100 gm Granules,0.0,0,160.0,Goodcare
Nagarjuna Diamel Powder,jar of 200 gm Powder,0.0,0,195.0,Nagarjuna
Dr Willmar Schwabe India Syzygium Jambolanum Dilution 12 CH,bottle of 30 ml Dilution,0.0,0,112.0,DrWillmar
IMC Sugar Away Kit,packet of 1 Kit,0.0,0,4330.0,IMC
Vashisht Ginseng Tablet 1X,bottle of 100 tablets,0.0,0,190.0,Vashisht
Glycoban  Capsule,strip of 10 capsules,0.0,0,27.5,Glycoban
Zevic Stevia Handpicked Leaves,packet of 50 gm Leaves,4.0,7,150.0,Zevic
Nectar Stevia Powder,packet of 50 gm Powder,0.0,0,180.0,Nectar
Diabmass (A Kit of 2x150ml Syrup and 3x10 Capsules),box of 1 Combo Pack,0.0,0,593.0,Diabmass
Zenith Nutrition Ginseng  500mg  Capsule,bottle of 100 capsules,4.1,15,600.0,Zenith
NeutraLeaf Ashwagandha Capsule,bottle of 120 capsules,0.0,0,659.0,NeutraLeaf
Sukh Madhumukti Ras,bottle of 500 ml Liquid,0.0,0,190.0,Sukh
"Le' ayur Combo Pack of Amla, Neem, Methidana, Bel Patra, Jamun Gutli, Karela & Gudmar Powder (100g Each)",combo pack of 7 Packs,0.0,0,1255.0,Le'
NutrActive Sky Fruit Unpeeled Seeds,packet of 150 gm Seeds,0.0,0,374.0,NutrActive
Ayukriti Herbals Brahmi Juice,bottle of 500 ml Juice,0.0,0,269.0,Ayukriti
Allen Nutraceutical Gymnema Sylvestre 500mg Capsule,box of 50 capsules,0.0,0,833.0,Allen
Dialife Capsule,strip of 10 capsules,0.0,0,33.0,Dialife
Kudos IME 9 (180 Tablet Each),combo pack of 3 bottles,0.0,0,2700.0,Kudos
ADEL Ceanothus A Mother Tincture Q,bottle of 20 ml Mother Tincture,0.0,0,270.0,ADEL
Dr Willmar Schwabe India Insulinum Dilution 12 CH,bottle of 30 ml Dilution,4.8,5,112.0,DrWillmar
Pure Nutrition Fensugen Capsule,bottle of 60 capsules,0.0,0,1199.0,Pure
United Rakshya D.M Tablet,bottle of 60 tablets,0.0,0,240.0,United
NutrActive Vijaysar Herbal Wood Blocks,box of 14 Wood Bark,0.0,0,400.0,NutrActive
So Sweet Rebaudioside A 97%,box of 10 gm Powder,0.0,0,400.0,So
Pragna Ashwagandha Powder,packet of 90 gm Powder,4.2,12,97.0,Pragna
Dr. Reckeweg Arsenicum Brom Dilution 200 CH,bottle of 11 ml Dilution,0.0,0,145.0,Dr.Reckeweg
Dr. Reckeweg Acid Carbolic Dilution 6 CH,bottle of 11 ml Dilution,0.0,0,125.0,Dr.Reckeweg
Dr Willmar Schwabe India Cephalandra Indica Dilution 200 CH,bottle of 30 ml Dilution,0.0,0,98.0,DrWillmar
Hapdco Tretol Capsule,box of 25 capsules,0.0,0,125.0,Hapdco
Multani Sugralo DM Kit (Sugralo DM 540 Tablets & Neem Tulsi 90 Tablets),packet of 1 Kit,0.0,0,2900.0,Multani
Ayurvedic Life Bhuiamlaki Powder,packet of 1 kg Powder,0.0,0,700.0,Ayurvedic
Green Sweetener Stevia Drops,bottle of 10 ml Drop,0.0,0,189.0,Green
Dr. Reckeweg Urea Pura Dilution 1000 CH,bottle of 11 ml Dilution,3.8,6,175.0,Dr.Reckeweg
MahaVed Gurmar Vegetarian Capsule,bottle of 60 capsules,0.0,0,549.0,MahaVed
NutrActive Jamun Seed Powder,jar of 150 gm Powder,0.0,0,154.0,NutrActive
Dr. Reckeweg Insulin Dilution 50M CH,bottle of 11 ml Dilution,0.0,0,224.0,Dr.Reckeweg
Dr. Reckeweg Arsenicum Brom Dilution 50M CH,bottle of 11 ml Dilution,0.0,0,224.0,Dr.Reckeweg
Novel Nutrients Haridra (Curcumin) 300mg Capsule,bottle of 60 capsules,0.0,0,470.0,Novel
NeutraLeaf Spirulina Capsule,bottle of 120 capsules,0.0,0,618.0,NeutraLeaf
Bjain Arsenicum Bromatum Globules 3X,bottle of 6 gm Globules,0.0,0,85.0,Bjain
Dr. Reckeweg Acid Carbolic Dilution 3X,bottle of 11 ml Dilution,0.0,0,125.0,Dr.Reckeweg
Dr Willmar Schwabe India Gymnema Sylvestre Dilution 12 CH,bottle of 30 ml Dilution,0.0,0,112.0,DrWillmar
NutrActive Vijaysar Herbal Bark,packet of 100 gm Wood Bark,0.0,0,110.0,NutrActive
St. George’s TCT 72 Diabetes Tablet,bottle of 30 gm Tablet,0.0,0,90.0,St.
Vashisht Syzygium Jambolanum Tablet 1X,bottle of 100 tablets,0.0,0,136.0,Vashisht
Bjain Uranium Nitricum Globules 6X,bottle of 6 gm Globules,0.0,0,85.0,Bjain
Zindagi Stevia Nature's Sweetener Powder,bottle of 230 gm Powder,4.2,13,356.0,Zindagi
NutrActive Stevia Dry Leaf,box of 100 gm Leaves,3.4,7,232.0,NutrActive
Vitro Naturals 100% Certified Organic Karela Powder,bottle of 100 gm Powder,0.0,0,73.0,Vitro
Dr Willmar Schwabe India Ammi Visnaga Dilution 200 CH,bottle of 30 ml Dilution,0.0,0,98.0,DrWillmar
Dr. Reckeweg Urea Pura Dilution CM CH,bottle of 11 ml Dilution,3.8,6,248.0,Dr.Reckeweg
Kudos Madhusudha Ras Super No. 1,bottle of 500 ml Liquid,0.0,0,143.0,Kudos
HealthVit Natural Coriander (Coriandrum Sativum) Powder,packet of 100 gm Powder,0.0,0,217.0,HealthVit
Novel Nutrients Curcuminox 1000mg Capsule,bottle of 60 capsules,0.0,0,1156.0,Novel
Naturmed's Safed Musli Powder,jar of 200 gm Powder,3.6,11,497.0,Naturmed's
Welex Welebes Capsule,bottle of 60 capsules,0.0,0,723.0,Welex
So Sweet Stevia Gift Pack,packet of 1 Kit,0.0,0,464.0,So
Way2Herbal Jambu Capsule,bottle of 120 capsules,0.0,0,545.0,Way2Herbal
Naturmed's Bilva Powder,jar of 200 gm Powder,0.0,0,150.0,Naturmed's
ADEL Acid Carbolic Dilution 1000 CH,bottle of 10 ml Dilution,0.0,0,180.0,ADEL
Novel Nutrients Diabenz 450mg Capsule,bottle of 60 capsules,0.0,0,525.0,Novel
Hapdco Bio-Combination 7 Tablet,bottle of 25 gm Biocombination Tablet,0.0,0,85.0,Hapdco
Dr Willmar Schwabe India Ammi Visnaga Dilution 1000 CH,bottle of 30 ml Dilution,0.0,0,112.0,DrWillmar
Sukh Neem Karela Jamun Ras,bottle of 500 ml Liquid,0.0,0,190.0,Sukh
GNC Herbal Plus Cinnamon and Chromium Capsule,bottle of 60 capsules,0.0,0,1724.0,GNC
Pure Nutrition Green Coffee Bean with Chromium Capsule,bottle of 60 capsules,0.0,0,929.0,Pure
Venus Ayurveda Herbspure Forte Syrup,bottle of 200 ml Syrup,0.0,0,124.0,Venus
Le Delicio Multi Clove Black Garlic,packet of 100 gm Pack,0.0,0,435.0,Le
Indian Remedies Ziaab 110 Capsule,bottle of 30 capsules,0.0,0,110.0,Indian
Bahola Bio Complex 7 Biocombination Tablet,bottle of 25 gm Biocombination Tablet,0.0,0,75.0,Bahola
Indian Remedies Extract of Ashwagandha Capsule,bottle of 100 capsules,4.0,8,220.0,Indian
Dr. Juneja's Madhumani Granules,box of 125 gm Granules,4.2,8,141.0,Dr.Juneja's
NutrActive Ambe Haldi Powder,packet of 100 gm Powder,0.0,0,148.0,NutrActive
Healthawin Garcinia Cambogia & Green Coffee Bean Extract 500mg Capsule,bottle of 90 capsules,0.0,0,1675.0,Healthawin
Dr Willmar Schwabe India Acidum Lacticum Dilution 12 CH,bottle of 30 ml Dilution,0.0,0,112.0,DrWillmar
Bjain Arsenicum Bromatum Globules 6X,bottle of 6 gm Globules,0.0,0,85.0,Bjain
Dr. Reckeweg Arsenicum Brom Dilution CM CH,bottle of 11 ml Dilution,0.0,0,248.0,Dr.Reckeweg
Biotrex Karela Herbal Powder,packet of 200 gm Powder,0.0,0,143.0,Biotrex
Dr Willmar Schwabe India Cephalandra Indica Dilution 30 CH,bottle of 30 ml Dilution,0.0,0,86.0,DrWillmar
Dr. Alfred James Neem Karela Jamun Juice,bottle of 250 ml Juice,0.0,0,289.0,Dr.Alfred
Planet Ayurveda Garlic Capsule,bottle of 60 capsules,0.0,0,1215.0,Planet
Dr. Reckeweg Acid Carbolic Dilution 50M CH,bottle of 11 ml Dilution,0.0,0,224.0,Dr.Reckeweg
HealthVit Natural Garlic (Allium Sativum) Powder,packet of 100 gm Powder,0.0,0,135.0,HealthVit
Holy Vedaa Aayurveda Moringa Capsule,bottle of 60 capsules,0.0,0,295.0,Holy
Dr. Reckeweg Urea Pura Dilution 10M CH,bottle of 11 ml Dilution,3.8,6,194.0,Dr.Reckeweg
Dr. Reckeweg Uranium Nitricum Dilution CM CH,bottle of 11 ml Dilution,0.0,0,248.0,Dr.Reckeweg
Nature's Bounty Cinnamon 1000mg Capsule,bottle of 100 capsules,0.0,0,1799.0,Nature's
Dr Willmar Schwabe India Ammi Visnaga Dilution 12 CH,bottle of 30 ml Dilution,0.0,0,112.0,DrWillmar
Dr Willmar Schwabe India Cephalandra Indica Dilution 6 CH,bottle of 30 ml Dilution,0.0,0,86.0,DrWillmar
Holy Vedaa Aayurveda Insorich Capsule,box of 60 capsules,0.0,0,318.0,Holy
Dr. Reckeweg Acid Aceticum Dilution 50M CH,bottle of 11 ml Dilution,0.0,0,224.0,Dr.Reckeweg
Jeevan Organics Amala P Capsule,bottle of 60 capsules,0.0,0,350.0,Jeevan
Naturmed's Stevia Powder,jar of 200 gm Powder,2.5,21,176.0,Naturmed's
MI Labs Sugar Management Capsule,bottle of 60 capsules,0.0,0,790.0,MI
Madren Healthcare Barley Grass Powder,bottle of 100 gm Powder,0.0,0,495.0,Madren
Morpheme Jamun  Capsule,bottle of 60 capsules,4.4,5,349.0,Morpheme
Dr Willmar Schwabe India Ceanothus Americanus Dilution 12 CH,bottle of 30 ml Dilution,0.0,0,112.0,DrWillmar
Green Sweetener Stevia Sachet (1g),packet of 50 Sachets,0.0,0,200.0,Green
Sweet Herb Natural Stevia Sweetener Liquid,bottle of 10 ml Liquid,0.0,0,175.0,Sweet
Ayukriti Herbals Diabenon Capsule,box of 30 capsules,0.0,0,240.0,Ayukriti
Dr. Reckeweg Arsenicum Brom Dilution 10M CH,bottle of 11 ml Dilution,0.0,0,194.0,Dr.Reckeweg
Dr. Reckeweg Ceanothus A Dilution 6 CH,bottle of 11 ml Dilution,0.0,0,125.0,Dr.Reckeweg
Dr. Reckeweg Acid Aceticum Dilution CM CH,bottle of 11 ml Dilution,0.0,0,248.0,Dr.Reckeweg
Balu Herbals Kasthuri Pasupu Powder,packet of 100 gm Powder,0.0,0,120.0,Balu
Holy Vedaa Aayurveda Cofit Capsule,box of 60 capsules,0.0,0,690.0,Holy
Sweet Herb Stevia Dry Leaves Powder,packet of 50 gm Powder,0.0,0,120.0,Sweet
Sira Zero Calorie Sugar Stevia Drop,bottle of 10 ml Drop,0.0,0,199.0,Sira
Shrey's Glucare Capsule,box of 30 capsules,0.0,0,226.5,Shrey's
Dr. Reckeweg Urea Pura Dilution 50M CH,bottle of 11 ml Dilution,3.8,6,224.0,Dr.Reckeweg
Bjain Acidum Lacticum Globules 3X,bottle of 6 gm Globules,0.0,0,85.0,Bjain
Dr Willmar Schwabe India Eupatorium Purpurium Dilution 1000 CH,bottle of 30 ml Dilution,0.0,0,112.0,DrWillmar
Dr Willmar Schwabe India Cephalandra Indica Dilution 12 CH,bottle of 30 ml Dilution,0.0,0,112.0,DrWillmar
Bjain Kalium Aceticum Globules 3X,bottle of 6 gm Globules,0.0,0,85.0,Bjain
MahaVed Black Seed Vegetarian Capsule,bottle of 60 capsules,0.0,0,549.0,MahaVed
Dr Willmar Schwabe India Uranium Nitricum Dilution 12 CH,bottle of 30 ml Dilution,0.0,0,112.0,DrWillmar
Dr. Reckeweg Arsenicum Brom Dilution 1000 CH,bottle of 11 ml Dilution,0.0,0,175.0,Dr.Reckeweg
Prakruti BGN-6 (60 Capsules each),bottle of 2 capsules,0.0,0,780.0,Prakruti
Jeevan Organics Neem P Capsule,bottle of 60 capsules,0.0,0,350.0,Jeevan
Dr. Reckeweg Acid Aceticum Dilution 6 CH,bottle of 11 ml Dilution,0.0,0,125.0,Dr.Reckeweg
Dr Willmar Schwabe India Kali Aceticum Dilution 1000 CH,bottle of 30 ml Dilution,0.0,0,112.0,DrWillmar
Bjain Acidum Lacticum Globules 6X,bottle of 6 gm Globules,0.0,0,85.0,Bjain
HealthVit Natural Spirulina (Dietary Supplement) Powder,packet of 100 gm Powder,0.0,0,308.0,HealthVit
Dr Willmar Schwabe India Kali Aceticum Dilution 6 CH,bottle of 30 ml Dilution,0.0,0,86.0,DrWillmar
Dr Willmar Schwabe India Ammi Visnaga Dilution 6 CH,bottle of 30 ml Dilution,0.0,0,86.0,DrWillmar
Dr Willmar Schwabe India Eupatorium Purpurium Dilution 12 CH,bottle of 30 ml Dilution,0.0,0,112.0,DrWillmar
Bjain Kalium Aceticum Globules 6X,bottle of 6 gm Globules,0.0,0,85.0,Bjain
Dr Willmar Schwabe India Cephalandra Indica Dilution 1000 CH,bottle of 30 ml Dilution,0.0,0,112.0,DrWillmar
Ayurvedic Life Karela Powder,packet of 1 kg Powder,0.0,0,815.0,Ayurvedic
ADEL Acid Acet Dilution 1000 CH,bottle of 10 ml Dilution,0.0,0,170.0,ADEL
Birla Ayurveda Shatavari Choorna Tablet,bottle of 60 tablets,0.0,0,152.0,Birla
Dr. Reckeweg Uranium Nitricum Dilution 50M CH,bottle of 11 ml Dilution,0.0,0,224.0,Dr.Reckeweg
Dr Willmar Schwabe India Kali Aceticum Dilution 30 CH,bottle of 30 ml Dilution,0.0,0,86.0,DrWillmar
Le Delicio Single Clove Black Garlic,packet of 250 gm Pack,0.0,0,1281.0,Le
Ayurvedic Life Jambu Capsule,bottle of 120 capsules,0.0,0,485.0,Ayurvedic
Dr Willmar Schwabe India Kali Aceticum Dilution 200 CH,bottle of 30 ml Dilution,0.0,0,98.0,DrWillmar
Biotrex Karela 500mg Capsule,bottle of 60 capsules,0.0,0,292.0,Biotrex
Venus Ayurveda Anti Diabetic Ras,bottle of 500 ml Liquid,0.0,0,340.0,Venus
Dr. Reckeweg Acid Carbolic Dilution CM CH,bottle of 11 ml Dilution,0.0,0,248.0,Dr.Reckeweg
MahaVed Ashwagandha Vegetarian Capsule,bottle of 60 capsules,0.0,0,549.0,MahaVed
Dr Willmar Schwabe India Kali Aceticum Dilution 12 CH,bottle of 30 ml Dilution,0.0,0,112.0,DrWillmar
Bjain Ferrum Iodatum Globules 3X,bottle of 6 gm Globules,0.0,0,85.0,Bjain
MahaVed Aloevera Vegetarian Capsule,bottle of 60 capsules,0.0,0,549.0,MahaVed
ADEL Ceanothus Dilution 1000 CH,bottle of 10 ml Dilution,0.0,0,170.0,ADEL
Dr Willmar Schwabe India Eupatorium Purpurium Dilution 6 CH,bottle of 30 ml Dilution,0.0,0,86.0,DrWillmar
Dr. Reckeweg Acid Aceticum Dilution 3X,bottle of 11 ml Dilution,0.0,0,125.0,Dr.Reckeweg
Bjain Ferrum Iodatum Globules 6X,bottle of 6 gm Globules,0.0,0,85.0,Bjain
Dr. Reckeweg Ceanothus A Dilution 50M CH,bottle of 11 ml Dilution,0.0,0,224.0,Dr.Reckeweg
Dr. Reckeweg Ceanothus A Dilution 10M CH,bottle of 11 ml Dilution,0.0,0,194.0,Dr.Reckeweg
FoodVit Sucralose,packet of 100 gm Powder,0.0,0,2265.0,FoodVit
Sweet Herb Stevia Dry Leaves,packet of 100 gm Leaves,0.0,0,209.0,Sweet
Kontera Tenvito,bottle of 900 ml Liquid,0.0,0,2800.0,Kontera
Way2Herbal Karela Powder,packet of 1 kg Powder,0.0,0,915.0,Way2Herbal
Naturz Ayurveda Alfalfa Powder,bottle of 500 gm Powder,0.0,0,1134.0,Naturz
Diaprime Plus Tablet,strip of 10 tablets,4.6,17,166.0,Diaprime
Origine Naturespired Bael Tablet,bottle of 60 tablets,0.0,0,195.0,Origine
Fixobetes Tablet,bottle of 30 tablets,0.0,0,132.0,Fixobetes
Ultra-D3 10K Tablet,packet of 30 tablets,3.9,13,291.0,Ultra-D3
Zycovit Capsule,strip of 10 capsules,0.0,0,8.0,Zycovit
Ultra-D3 4K Tablet,strip of 30 tablets,4.1,18,315.0,Ultra-D3
Insumin Plus Capsule,strip of 15 capsules,0.0,0,184.0,Insumin
HealthVit Niacinamide 50mg Tablet,bottle of 60 tablets,0.0,0,291.0,HealthVit
Alphaben Tablet,strip of 10 tablets,0.0,0,126.0,Alphaben
Ultra-D3 1K Tablet,strip of 48 tablets,4.4,25,145.0,Ultra-D3
St. George’s Capparis Moonii (Rudanti) Mother Tincture Q,bottle of 30 ml Mother Tincture,0.0,0,175.0,St.
Amalth Berberine HCL Banaba Extract Veg Capsules,bottle of 60 vegicaps,0.0,0,1249.0,Amalth
HealthVit Vitamin K 1.5mg  Capsule,bottle of 60 capsules,3.4,7,492.0,HealthVit
"Healthaid Diaglucoforte Vitamins, Herbs & Minerals Tablet",bottle of 60 tablets,0.0,0,1990.0,Healthaid
Kudos Combo Pack of IME 9 Tablets & Karela Jamun Powder,combo pack of 2 Packs,4.4,5,473.0,Kudos
GNC Womens Ultra Mega Diabetic Support Multivitamin Caplet,bottle of 90 caplets,0.0,0,3959.0,GNC
Similia Insulin Trituration Tablet 3X,bottle of 25 gm Trituration Tablet,0.0,0,140.0,Similia
Vitasonic MV Tablet,packet of 30 tablets,0.0,0,343.0,Vitasonic
GNC Healthy Blood Sugar Formula Caplet,bottle of 90 caplets,0.0,0,3974.0,GNC
Fourrts Dia Dip Syrup,bottle of 200 ml Syrup,0.0,0,150.0,Fourrts
SKRL Abroma Plus Tablet (100gm Each),combo pack of 2 bottles,0.0,0,800.0,SKRL
Hering Pharma Uranium Nitricum Trituration Tablet 6X,jar of 450 gm Trituration Tablet,0.0,0,1210.0,Hering
Uma Ayurveda Vrahat Vangeshwar Ras Tablet (with Gold & Silver),bottle of 10 tablets,0.0,0,650.0,Uma
Bjain Gymnema Sylvestre Dilution 3X,bottle of 100 ml Dilution,0.0,0,204.0,Bjain
Uma Ayurveda Vasant Kusumakar Ras Tablet (with Gold & Silver),bottle of 10 tablets,0.0,0,1200.0,Uma
Bjain Gymnema Sylvestre Dilution 6 CH,bottle of 100 ml Dilution,0.0,0,154.0,Bjain
Similia Gymnema Syl. Mother Tincture Q,bottle of 30 ml Mother Tincture,0.0,0,100.0,Similia
Bjain Gymnema Sylvestre Dilution 30 CH,bottle of 100 ml Dilution,0.0,0,154.0,Bjain
Vshuddha Maca Root Powder,jar of 250 gm Powder,0.0,0,3000.0,Vshuddha
Doctor's Best Benfotiamine 150 with Benfopure Veggie Capsule,bottle of 360 vegicaps,0.0,0,6795.0,Doctor's
Heera Jamun Swaras,bottle of 500 ml Juice,0.0,0,215.0,Heera
Uma Ayurveda Shilajitwadi Vati (with Gold),bottle of 10 tablets,0.0,0,2450.0,Uma
Vitro Naturals Certified Organic Tulsi Juice,bottle of 500 ml Juice,0.0,0,232.0,Vitro
Naturally Yours Organic Neem Powder,packet of 100 gm Powder,0.0,0,105.0,Naturally
Bjain Gymnema Sylvestre Dilution 6X,bottle of 10 ml Dilution,0.0,0,79.0,Bjain
Thrillx Herbs Harde Powder,packet of 100 gm Powder,0.0,0,119.0,Thrillx
Healthaid Carboslim Phase 2 Capsule,packet of 60 capsules,0.0,0,1940.0,Healthaid
Healthaid Chitosan Complex Fat Attracter Capsule,bottle of 90 capsules,0.0,0,2135.0,Healthaid
GNC Ultra Chromium Picolinate Capsule,bottle of 60 capsules,0.0,0,2069.0,GNC
Similia Tinospora Cordi Mother Tincture Q,bottle of 30 ml Mother Tincture,0.0,0,110.0,Similia
Bjain Gymnema Sylvestre Dilution 12 CH,bottle of 100 ml Dilution,0.0,0,154.0,Bjain
BeSure Jamun Capsule,bottle of 60 capsules,0.0,0,469.0,BeSure
Bjain Gymnema Sylvestre Dilution 1000 CH,bottle of 100 ml Dilution,0.0,0,204.0,Bjain
Neon Plus NH01 Diabocura Drop,bottle of 30 ml Drop,0.0,0,299.0,Neon
Bjain Vaccinium Myrtillus Globules 200 CH,bottle of 6 gm Globules,0.0,0,85.0,Bjain
Uma Ayurveda Chaturbhuj Ras Tablet (with Gold),bottle of 10 tablets,0.0,0,2700.0,Uma
Bjain Vaccinium Myrtillus Globules 3X,bottle of 6 gm Globules,0.0,0,85.0,Bjain
Similia Syzygium Jamb Mother Tincture Q,bottle of 30 ml Mother Tincture,0.0,0,100.0,Similia
Uma Ayurveda Madhumehnashini Gutika (with Gold),bottle of 10 tablets,0.0,0,295.0,Uma
Pharma Science Diabatreat,bottle of 60 gm Powder,0.0,0,990.0,Pharma
Garlico Herbal Glycocare Powder,jar of 300 gm Powder,0.0,0,299.0,Garlico
Vedaone Ashwagandha Capsule,bottle of 60 capsules,0.0,0,158.0,Vedaone
Uma Ayurveda Chaturmukh Ras Tablet (with Gold),bottle of 10 tablets,0.0,0,935.0,Uma
Similia Biocom No.7 Tablet,bottle of 25 gm Biocombination Tablet,0.0,0,85.0,Similia
oneDrful Life Cinnamon Gummy Supplement Cinnamon,box of 30 gummies,0.0,0,436.0,oneDrful
Bjain Gymnema Sylvestre Dilution 200 CH,bottle of 100 ml Dilution,0.0,0,164.0,Bjain
All Time Young Mango Leaf Powder,packet of 50 gm Powder,0.0,0,150.0,All
Nutree Pure Diabe 90 Kwath,bottle of 400 ml Liquid,0.0,0,474.0,Nutree
Zenith Nutrition Chromium Picolinate 800mcg Capsule,bottle of 60 capsules,0.0,0,646.0,Zenith
Vedicayur Vedic Neem 500mg Capsule,bottle of 30 capsules,0.0,0,192.0,Vedicayur
Bjain Vaccinium Myrtillus Globules 30 CH,bottle of 6 gm Globules,0.0,0,85.0,Bjain
Amalth Gymnema Banaba Extract Veg Capsules,bottle of 60 vegicaps,0.0,0,899.0,Amalth
Averdynm Herbals Debetics Powder,jar of 200 gm Powder,0.0,0,290.0,Averdynm
Wonderelements Shatavari Powder,packet of 150 gm Powder,0.0,0,225.0,Wonderelements
Amalth Gymnema Sylvestre Extract Veg Capsules,bottle of 60 vegicaps,0.0,0,849.0,Amalth
Thrillx Herbs Karela Powder,packet of 100 gm Powder,0.0,0,119.0,Thrillx
Bjain Vaccinium Myrtillus Globules 6 CH,bottle of 6 gm Globules,0.0,0,85.0,Bjain
Bjain Vaccinium Myrtillus Globules 12 CH,bottle of 6 gm Globules,0.0,0,85.0,Bjain
Bjain Vaccinium Myrtillus Globules 1000 CH,bottle of 6 gm Globules,0.0,0,85.0,Bjain
Thrillx Herbs Jamun Powder,packet of 100 gm Powder,0.0,0,249.0,Thrillx
Thrillx Herbs Vijaysar Powder,packet of 100 gm Powder,0.0,0,139.0,Thrillx
Bjain Vaccinium Myrtillus Globules 6X,bottle of 6 gm Globules,0.0,0,85.0,Bjain
