product,quantity,rating,number of ratings,price
Bgr 34 Tablet,bottle of 100 tablets,4.2,1082,546.0
1mg Karela Pure Natural Extract 500mg Capsule,bottle of 60 capsules,4.2,205,198.0
Dr. Reckeweg R40 Diabetes Drop Homeopathic Medicine,bottle of 22 ml Drop,4.7,81,243.5
SBL Syzygium Jambolanum Mother Tincture Q,bottle of 30 ml Mother Tincture,4.6,89,96.0
Dhootapapeshwar Madhumeha Kusumakar Rasa,box of 30 tablets,4.3,126,660.0
Sugar Free Green Stevia Pellets,bottle of 300 pellets,4.3,524,184.9
SBL Dibonil Drop,bottle of 30 ml Drop,4.6,80,108.45
IME 9 Tablet,bottle of 60 tablets,4.1,902,267.0
Tata 1mg Ceylon Cinnamon 10:1 Ratio Extract for Blood Sugar Management 200mg Capsule,bottle of 30 capsules,4.4,55,99.0
So Sweet Stevia Sugar Free Tablet,bottle of 500 tablets,4.0,160,374.0
Dabur GlycoDab Tablet,bottle of 60 tablets,4.2,90,290.0
Himalaya Diabecon Tablet,bottle of 60 tablets,4.1,92,124.0
SBL Gymnema Sylvestre Mother Tincture Q,bottle of 30 ml Mother Tincture,4.6,31,97.0
Dr. Reckeweg Syzygium Jamb Mother Tincture Q,bottle of 20 ml Mother Tincture,4.7,27,228.05
Baidyanath Mahayograj Guggulu Tablet,strip of 40 tablets,4.1,77,196.0
SBL Diaboherb Capsule,box of 100 capsules,0.0,0,362.0
ADEL 18 Glucorect Drop,bottle of 20 ml Drop,3.7,18,265.1
Dabur Vasant Kusumakar Ras with Gold & Pearl Tablet,bottle of 100 tablets,4.1,108,4680.0
SBL Cephalandra Indica Mother Tincture Q,bottle of 30 ml Mother Tincture,4.9,23,97.0
Baidyanath Laxmivilas Ras Tablet,bottle of 40 tablets,4.3,95,120.0
Bjain Syzygium Jambolanum Mother Tincture Q,bottle of 100 ml Mother Tincture,4.7,31,179.55
Dr Willmar Schwabe India Syzygium Jambolanum Trituration Tablet 1X,bottle of 20 gm Trituration Tablet,4.7,20,155.8
Sri Sri Tattva Nishamalaki Tablet,bottle of 60 tablets,4.5,83,125.0
Berbeshine Tablet,strip of 10 tablets,4.1,35,230.98
SBL Dibonil Tablet,bottle of 25 gm Tablet,4.4,22,135.2
SBL Abroma Augusta Mother Tincture Q,bottle of 30 ml Mother Tincture,4.9,17,97.0
Dhootapapeshwar Shilapravang (with Mouktik) Tablet,bottle of 100 tablets,4.1,40,386.0
Dabur Madhu Rakshak,bottle of 250 gm Powder,4.2,88,319.0
Bakson's Diab Aid Drop,bottle of 30 ml Drop,4.7,25,155.0
SBL Bio-Combination 7 Tablet,bottle of 25 gm Biocombination Tablet,4.6,8,91.85
Baidyanath Madhumehari Controls Blood Glucose Levels Naturally,bottle of 200 gm Powder,4.3,93,295.0
Dr. Reckeweg Diabetic Care Combo (R40 + Syzygium Jamb Mother Tincture),packet of 1 Kit,4.0,5,456.0
ADEL Acid Phos Mother Tincture Q,bottle of 20 ml Mother Tincture,4.3,8,243.5
Dr Willmar Schwabe India Uranium Nitricum Trituration Tablet 4X,bottle of 20 gm Trituration Tablet,4.8,9,121.75
SBL Syzygium Jambolanum Trituration Tablet 1X,bottle of 25 gm Trituration Tablet,4.5,11,136.23
"Baidyanath Basant Kusumakar Ras (S.C.M.Yu) with Gold, Silver & Pearl Maintains Blood Glucose Level",bottle of 25 tablets,4.0,210,1040.0
SBL Ceanothus Americanus Mother Tincture Q,bottle of 30 ml Mother Tincture,4.7,7,296.0
Dr. Reckeweg Bio-Combination 7 (BC 7) Tablet,bottle of 20 gm Biocombination Tablet,4.9,13,165.1
Bhargava Diaboral Tablet,box of 60 tablets,4.0,5,147.5
Unjha Makardhwaj Vati (Gold Coated),box of 30 tablets,4.5,13,751.0
ADEL Syzygium Jambolanum Mother Tincture Q,bottle of 20 ml Mother Tincture,0.0,0,246.0
Himalaya Koflet-SF Linctus,bottle of 100 ml Linctus,4.5,55,80.0
SBL Ammi Visnaga Mother Tincture Q,bottle of 30 ml Mother Tincture,0.0,0,170.0
Wheezal WL11 Diabetes Drop,bottle of 30 ml Drop,4.8,8,158.9
Dr. Reckeweg Gymnema Syl Mother Tincture Q,bottle of 20 ml Mother Tincture,0.0,0,228.05
Dr Willmar Schwabe India Pancreatinum Trituration Tablet 3X,bottle of 20 gm Trituration Tablet,4.9,9,122.0
Allen A08 Diabetes Drop,bottle of 30 ml Drop,0.0,0,152.0
Meghdoot Madhu Shoonya Tablet,bottle of 50 tablets,4.0,31,192.85
Alma Sugar Free Tablet Low Calorie Sweetener,bottle of 650 tablets,4.3,18,549.0
Planet Ayurveda Phyllanthus Niruri Capsule,bottle of 60 capsules,0.0,0,1215.0
Dr. Reckeweg Ammi Visn Mother Tincture Q,bottle of 20 ml Mother Tincture,4.8,6,232.05
Bakson B20 Sugar Drop,bottle of 30 ml Drop,4.7,6,155.8
SBL Insulinum Dilution 30 CH,bottle of 30 ml Dilution,4.8,6,90.0
Swadeshi Sugar Nashak Vati,bottle of 60 tablets,3.6,42,167.91
SBL Diaboherb Plus Oral Liquid Strawberry,bottle of 180 ml Liquid,0.0,0,102.15
1mg Fenugreek Oil Gluten Free for Blood Sugar Management 500mg Capsule,box of 60 capsules,4.4,8,448.0
Dr Willmar Schwabe India Ammi Visnaga Mother Tincture Q,bottle of 30 ml Mother Tincture,0.0,0,340.0
Dr Willmar Schwabe India Cephalandra Indica Mother Tincture Q,bottle of 30 ml Mother Tincture,5.0,7,97.0
Dr. Reckeweg Cephalandra Mother Tincture Q,bottle of 20 ml Mother Tincture,0.0,0,228.05
Dr Willmar Schwabe India Alfalfa Tonic Homeopathic Medicine Sugar Free,bottle of 100 ml Tonic,0.0,0,147.0
Dhootapapeshwar Mahalaxmivilas Rasa Premium Quality Suvarnakalpa,packet of 30 tablets,4.8,13,1172.0
Basic Ayurveda Lauki Juice with Tulsi & Pudina,bottle of 1000 ml Juice,4.2,61,214.0
So Sweet Stevia Liquid Drop 100% Natural Sweetener Sugarfree,bottle of 20 ml Liquid,3.5,52,119.6
Solumiks Zpter Tablet,strip of 30 tablets,0.0,0,155.0
SBL Insulinum Dilution 200 CH,bottle of 30 ml Dilution,4.8,6,98.1
Dr. Reckeweg Insulinum Trituration Tablet 10X,bottle of 20 gm Trituration Tablet,0.0,0,216.0
So Sweet Stevia Powder Sugar free Zero Calorie Sweetener,jar of 200 gm Powder,4.1,45,301.0
Dhootapapeshwar Mahayogaraj Guggul,bottle of 1000 tablets,4.8,34,5033.0
Dr Willmar Schwabe India Abroma Augusta Mother Tincture Q,bottle of 30 ml Mother Tincture,0.0,0,97.0
Meghdoot Mulethi Powder,bottle of 100 gm Powder,3.9,66,107.8
Dr. Reckeweg Urea Pura Dilution 6 CH,bottle of 11 ml Dilution,3.8,6,125.0
Dhootapapeshwar Laxmivilas (Naradeeya) Raskalp,bottle of 1000 tablets,4.4,25,3142.0
Dr Willmar Schwabe India Syzygium Jambolanum Dilution 30 CH,bottle of 30 ml Dilution,0.0,0,90.0
SBL Urea Dilution 6 CH,bottle of 30 ml Dilution,0.0,0,90.0
Bjain Arsenicum Bromatum Dilution 6 CH,bottle of 30 ml Dilution,3.8,5,87.0
Dr. Reckeweg Urea Pura Dilution 30 CH,bottle of 11 ml Dilution,3.8,6,125.0
Wheezal Diabonol Drop,bottle of 30 ml Drop,0.0,0,121.0
Tansukh Madhumeh Mantra Capsule,bottle of 60 capsules,4.2,6,269.0
Hapdco Sugarin Drop,bottle of 30 ml Drop,0.0,0,115.0
Dhootapapeshwar Yogendra Rasa Premium Quality Suvarnakalpa,packet of 30 tablets,3.3,8,5134.0
Dr Willmar Schwabe India Pancreatinum Trituration Tablet 6X,bottle of 20 gm Trituration Tablet,4.9,9,120.75
Dr. Reckeweg Insulin Dilution 30 CH,bottle of 11 ml Dilution,0.0,0,125.0
Hapdco Laxosoft SF Powder,jar of 100 gm Powder,3.5,20,127.0
SBL Syzygium Jambolanum Dilution 200 CH,bottle of 30 ml Dilution,0.0,0,97.0
Dr Willmar Schwabe India Alfalfa General Health Tonic,bottle of 100 ml Tonic,0.0,0,108.0
ADEL Pancreatinum Trituration Tablet 3X,bottle of 20 gm Trituration Tablet,0.0,0,257.0
Haslab Drox 07 Diabet Drop,bottle of 30 ml Drop,0.0,0,146.0
Fibocare Powder,box of 100 gm Powder,0.0,0,142.0
Dr Willmar Schwabe India Insulinum Dilution 30 CH,bottle of 30 ml Dilution,4.8,5,88.0
Dr. Reckeweg Uranium Nitricum 4x Mother Tincture Q,bottle of 20 ml Mother Tincture,0.0,0,230.57
Axiom Bone Power Capsule,box of 60 capsules,3.8,12,288.0
Zindagi Stevia Sachet (1gm Each),packet of 100 Sachets,3.8,6,275.0
SBL Syzygium Jambolanum Dilution 30 CH,bottle of 30 ml Dilution,0.0,0,88.0
REPL Dr. Advice No.87 Polyuria Drop,bottle of 30 ml Drop,0.0,0,163.0
Medisynth Diabekoll Non-Sugar Syrup,bottle of 125 ml Syrup,0.0,0,113.0
New Life Diabesin N Sugar Free Syrup,bottle of 100 ml Syrup,0.0,0,90.0
Dr. Reckeweg Uranium Nitricum Dilution 30 CH,bottle of 11 ml Dilution,0.0,0,105.0
Bjain Abroma Augusta Mother Tincture Homeopathic Medicine Q,bottle of 100 ml Mother Tincture,0.0,0,177.0
Dr. Johns J-40 Blood Sugar Drop,bottle of 30 ml Drop,0.0,0,127.0
Dhootapapeshwar Heeraka Bhasma,bottle of 1 gm Powder,4.1,16,7261.0
Meghdoot Madhu Shoonya Powder,box of 200 gm Powder,4.3,68,161.0
SBL Urea Dilution 30 CH,bottle of 30 ml Dilution,0.0,0,90.0
Dhootapapeshwar Bruhat Kastoori Bhairav Premium Quality Suvarnakalpa,packet of 10 tablets,0.0,0,992.0
Alma Stevia Tablet Natural Sweetener,bottle of 175 tablets,3.3,7,249.0
Dr. Reckeweg Diabetic Care Combo Pack of R40 Diabetes Drop 22ml & Syzygium Jamb Mother Tincture Q 20ml,combo pack of 2 bottles,4.7,108,471.55
Dhootapapeshwar Tapyadi Loha,bottle of 5 gm Powder,3.6,5,479.0
Axiom Goumutra Ark,bottle of 500 ml Liquid,3.9,46,77.0
ADEL Acid Phosphoric Dilution 30 CH,bottle of 10 ml Dilution,0.0,0,128.0
St. George’s Diabeto-Nil Drop,bottle of 30 ml Drop,0.0,0,145.5
SBL Insulinum Dilution 1000 CH,bottle of 30 ml Dilution,4.8,6,129.0
Multani Diabetex Strong Capsule,strip of 30 capsules,0.0,0,89.0
Kairali Diaspa Capsule,box of 60 capsules,0.0,0,213.12
Birla Ayurveda Nameha Tablet,bottle of 60 tablets,0.0,0,314.0
Bioforce Blooume 11 Diabo X Drop,bottle of 30 ml Drop,0.0,0,143.0
Bjain Syzygium Jambolanum Dilution 1000 CH,bottle of 100 ml Dilution,0.0,0,237.0
Ayusya Nector Plus Capsule,bottle of 60 gm Capsule,0.0,0,826.0
SBL Ceanothus Americanus Dilution 30 CH,bottle of 30 ml Dilution,0.0,0,78.0
Herbal Hills Gurmar Powder Pack of 2,bottle of 100 gm Powder,0.0,0,235.0
ADEL Vincetoxicum Mother Tincture Q,bottle of 20 ml Mother Tincture,0.0,0,292.0
SBL Gymnema Sylvestre Dilution 30 CH,bottle of 30 ml Dilution,0.0,0,82.0
SBL Phaseolus Nanus Dilution 200 CH,bottle of 30 ml Dilution,0.0,0,97.0
Bjain Uranium Nitricum Dilution 200 CH,bottle of 100 ml Dilution,0.0,0,177.0
Bjain Allium Sativum Dilution 12 CH,bottle of 10 ml Dilution,0.0,0,40.0
Dr Willmar Schwabe India Acidum Lacticum Dilution 30 CH,bottle of 30 ml Dilution,0.0,0,82.0
SBL Phaseolus Vulgaris Mother Tincture Q,bottle of 30 ml Mother Tincture,0.0,0,97.0
Dhootapapeshwar Swarnmakshik Bhasma,bottle of 10 gm Powder,0.0,0,128.0
Basic Ayurveda Aloe Amla 50-Fifty Mix Juice,bottle of 1000 ml Juice,3.9,33,283.0
Dr. Reckeweg Acid Aceticum Dilution 30 CH,bottle of 11 ml Dilution,0.0,0,125.0
Herb Essential Jamun (Syzygium Cumini) Powder,bottle of 1 kg Powder,0.0,0,650.0
Dr Willmar Schwabe India Ceanothus Americanus Dilution 1000 CH,bottle of 30 ml Dilution,0.0,0,112.0
Bjain Arsenicum Bromatum Dilution 200 CH,bottle of 100 ml Dilution,3.8,5,177.0
St. George’s Diabeto-Nil Tablet,bottle of 30 gm Tablet,0.0,0,135.0
Swakalyan Madhumeh Niyantrak Capsule for Diabetes,bottle of 60 capsules,0.0,0,584.0
Bjain Ammonium Aceticum Dilution 12 CH,bottle of 10 ml Dilution,0.0,0,45.0
Dr. Reckeweg Uranium Nitricum Dilution 1000 CH,bottle of 11 ml Dilution,0.0,0,180.0
Bjain Iodium Dilution 6X,bottle of 30 ml Dilution,0.0,0,115.0
Dr Willmar Schwabe India Acidum Lacticum Dilution 200 CH,bottle of 30 ml Dilution,0.0,0,103.0
Pragna Stevia Powder,packet of 90 gm Powder,2.4,9,97.0
Jain Amla (Indian Gooseberry) Powder,box of 500 gm Powder,4.1,14,368.0
Zemaica Healthcare Sugar Control Plus Capsules Diabetes Care,bottle of 30 capsules,0.0,0,844.0
Dr. Reckeweg Insulin Dilution 6 CH,bottle of 11 ml Dilution,0.0,0,125.0
Dr Willmar Schwabe India Uranium Nitricum Dilution 200 CH,bottle of 30 ml Dilution,0.0,0,99.0
Dr Willmar Schwabe India Uranium Nitricum Dilution 30 CH,bottle of 30 ml Dilution,0.0,0,86.0
Swadeshi Diabetes Care Pack,box of 1 Kit,0.0,0,569.0
SBL Acidum Lacticum Mother Tincture Q,bottle of 30 ml Mother Tincture,0.0,0,97.0
Bjain Iodium Dilution 10M CH,bottle of 10 ml Dilution,0.0,0,143.0
Bjain Ferrum Iodatum Dilution 200 CH,bottle of 10 ml Dilution,0.0,0,44.0
SBL Syzygium Jambolanum Dilution 6 CH,bottle of 30 ml Dilution,0.0,0,90.0
Basic Ayurveda Diabe Gold Capsule,bottle of 40 capsules,0.0,0,400.0
Bjain Ferrum Iodatum Dilution 12 CH,bottle of 10 ml Dilution,0.0,0,41.0
Bjain Ferrum Iodatum Dilution 30 CH,bottle of 30 ml Dilution,0.0,0,87.0
Bjain Iodium Dilution 3X,bottle of 30 ml Dilution,0.0,0,115.0
Wheezal Sachrol Tablet,bottle of 25 gm Tablet,0.0,0,161.0
Healwell Diboheal Drop,bottle of 30 ml Drop,0.0,0,143.0
SBL Gymnema Sylvestre Dilution 3 CH,bottle of 30 ml Dilution,0.0,0,90.0
Herbal Hills Vijaysar Powder,packet of 1 kg Powder,4.2,5,350.0
Bjain Cephalandra Indica Dilution 3X,bottle of 100 ml Dilution,0.0,0,207.0
Bjain Ammonium Aceticum Dilution 30 CH,bottle of 10 ml Dilution,0.0,0,45.0
Doliosis D30 Diabeties Drop,bottle of 30 ml Drop,0.0,0,167.0
Herbal Hills Haritaki Powder,packet of 1 kg Powder,3.3,9,317.0
Bjain Syzygium Jambolanum Dilution 200 CH,bottle of 30 ml Dilution,0.0,0,102.0
Bjain Syzygium Jambolanum Dilution 6X,bottle of 100 ml Dilution,0.0,0,205.0
Zindagi Combo Pack of Stevia Dry Leaves (35gm) and Stevia Powder (50gm),combo pack of 2 Packs,0.0,0,236.0
Bjain Ceanothus Americanus Dilution 200 CH,bottle of 100 ml Dilution,0.0,0,175.0
Bjain Acidum Sulphuricum Dilution 30 CH,bottle of 30 ml Dilution,0.0,0,87.0
Dr Willmar Schwabe India Gymnema Sylvestre Dilution 6 CH,bottle of 30 ml Dilution,0.0,0,86.0
Deve Herbes Pure Fenugreek (Methi) Carrier Oil,bottle of 30 ml Oil,4.0,6,549.0
Bjain Allium Sativum Dilution 30 CH,bottle of 100 ml Dilution,0.0,0,167.0
ADEL Acid Carbolic Dilution 30 CH,bottle of 10 ml Dilution,0.0,0,119.0
Bjain Abroma Augusta Dilution 6X,bottle of 30 ml Dilution,0.0,0,115.0
Dr. Reckeweg Insulin Dilution CM CH,bottle of 11 ml Dilution,0.0,0,248.0
Dr Willmar Schwabe India Ceanothus Americanus Dilution 30 CH,bottle of 30 ml Dilution,0.0,0,88.0
Bjain Iodium Dilution 1000 CH,bottle of 30 ml Dilution,0.0,0,114.0
Dr Willmar Schwabe India Uranium Nitricum Dilution 10M CH,bottle of 10 ml Dilution,0.0,0,185.0
Bjain Phylanthus Nirurs Dilution 30 CH,bottle of 10 ml Dilution,0.0,0,45.0
Bjain Syzygium Jambolanum Dilution 6 CH,bottle of 100 ml Dilution,0.0,0,167.0
Haslab Bico 7 Biochemic Compound Tablet,bottle of 20 gm Tablet,0.0,0,70.0
Bjain Syzygium Jambolanum Dilution 12 CH,bottle of 100 ml Dilution,0.0,0,167.0
SBL Acidum Carbolicum Mother Tincture Q,bottle of 30 ml Mother Tincture,0.0,0,117.0
Pragna Bilva Fruit Powder,packet of 1 kg Powder,3.2,14,495.0
Dr Willmar Schwabe India Gymnema Sylvestre Dilution 200 CH,bottle of 30 ml Dilution,0.0,0,85.0
Bjain Kalium Aceticum Dilution 6 CH,bottle of 10 ml Dilution,0.0,0,45.0
Bjain Abroma Augusta Dilution 30 CH,bottle of 100 ml Dilution,0.0,0,167.0
Dr. Reckeweg Acid Aceticum Dilution 200 CH,bottle of 11 ml Dilution,0.0,0,145.0
Bjain Iodium Dilution 30 CH,bottle of 10 ml Dilution,0.0,0,42.75
SBL Urea Dilution 1000 CH,bottle of 30 ml Dilution,0.0,0,128.0
SBL Uranium Nitricum 0/28 LM,bottle of 20 gm Globules,0.0,0,157.0
SBL Syzygium Jambolanum Dilution 12 CH,bottle of 30 ml Dilution,0.0,0,90.0
Dr Willmar Schwabe India Uranium Nitricum Dilution 6 CH,bottle of 30 ml Dilution,0.0,0,86.0
SBL Acidum Aceticum Mother Tincture Q,bottle of 30 ml Mother Tincture,0.0,0,97.0
Bjain Cephalandra Indica Dilution 30 CH,bottle of 10 ml Dilution,0.0,0,45.0
SBL Cephalandra Indica Dilution 6 CH,bottle of 30 ml Dilution,0.0,0,90.0
Dr. Reckeweg Insulin Dilution 1000 CH,bottle of 11 ml Dilution,0.0,0,175.0
Ayusya Ganoderma Extract Capsule,bottle of 60 gm Capsule,0.0,0,1068.0
Bjain Iodium Dilution 200 CH,bottle of 10 ml Dilution,0.0,0,47.5
Bjain Uranium Nitricum Dilution 30 CH,bottle of 30 ml Dilution,0.0,0,87.0
Dr. Reckeweg Acid Aceticum Dilution 1000 CH,bottle of 11 ml Dilution,0.0,0,180.0
Multani Sugralo DM Tablet,bottle of 60 tablets,0.0,0,300.0
Dr Willmar Schwabe India Ceanothus Americanus Dilution 200 CH,bottle of 30 ml Dilution,0.0,0,100.0
Bjain Allium Sativum Dilution 6X,bottle of 30 ml Dilution,0.0,0,115.0
Naturmed's Guduchi Powder,jar of 200 gm Powder,0.0,0,145.5
Naturz Ayurveda Jambu 425mg Capsule,bottle of 120 capsules,0.0,0,359.0
Bjain Cephalandra Indica Dilution 6X,bottle of 100 ml Dilution,0.0,0,205.0
Bjain Kalium Aceticum Dilution 30 CH,bottle of 30 ml Dilution,0.0,0,87.0
Bjain Ammonium Aceticum Dilution 6 CH,bottle of 10 ml Dilution,0.0,0,45.0
Indian Remedies Purified Shilajit Capsule,bottle of 100 capsules,3.3,6,537.0
Bjain Syzygium Jambolanum Dilution 3X,bottle of 30 ml Dilution,0.0,0,115.0
Jeevan Ras Dhania Panchang Juice,bottle of 500 ml Juice,0.0,0,145.0
Bjain Iodium Dilution 6 CH,bottle of 10 ml Dilution,0.0,0,45.0
Jeevan Ras Karela Juice,bottle of 500 ml Juice,0.0,0,186.0
Bjain Acidum Aceticum Dilution 200 CH,bottle of 100 ml Dilution,0.0,0,177.0
Bjain Ceanothus Americanus Globules 30 CH,bottle of 6 gm Globules,0.0,0,85.0
Bjain Cephalandra Indica Dilution 200 CH,bottle of 100 ml Dilution,0.0,0,173.0
Bjain Acidum Aceticum Dilution 30 CH,bottle of 100 ml Dilution,0.0,0,167.0
Bjain Cephalandra Indica Dilution 1000 CH,bottle of 10 ml Dilution,0.0,0,63.0
Alma Combo Pack of Sugarfree 650 Tablet and Stevia 175 Tablet Low Calorie Sweetener,combo pack of 2 bottles,0.0,0,789.0
Dr Willmar Schwabe India Acidum Lacticum Dilution 6 CH,bottle of 30 ml Dilution,0.0,0,86.0
Bjain Iodium Dilution 12 CH,bottle of 10 ml Dilution,0.0,0,45.0
ADEL Urea Pura Dilution 200 CH,bottle of 10 ml Dilution,0.0,0,150.0
Ayurvedic Life Gurmar Powder,packet of 1 kg Powder,0.0,0,587.0
Dr Willmar Schwabe India Uranium Nitricum Dilution 1000 CH,bottle of 30 ml Dilution,0.0,0,113.0
SBL Ceanothus Americanus Dilution 6 CH,bottle of 30 ml Dilution,0.0,0,90.0
Planet Ayurveda Fenugreek Capsule,bottle of 60 capsules,0.0,0,1215.0
Dr Willmar Schwabe India Gymnema Sylvestre Dilution 1000 CH,bottle of 30 ml Dilution,0.0,0,113.0
Bjain Syzygium Jambolanum Globules 6 CH,bottle of 6 gm Globules,0.0,0,76.0
Bjain Acidum Lacticum Dilution 1000 CH,bottle of 30 ml Dilution,0.0,0,114.0
Naturz Ayurveda Vijaysar Powder,packet of 1 kg Powder,0.0,0,537.0
ADEL Urea Pura Dilution 1000 CH,bottle of 10 ml Dilution,0.0,0,195.0
Bjain Arsenicum Bromatum Dilution 12 CH,bottle of 100 ml Dilution,3.8,5,167.0
Sugarlif Sachet,packet of 1 Sachet,0.0,0,99.0
Bjain Cephalandra Indica Globules 6X,bottle of 6 gm Globules,0.0,0,85.0
Bjain Arsenicum Bromatum Globules 6 CH,bottle of 6 gm Globules,0.0,0,80.75
Aadar Jeevani Powder (100gm Each) Bottle,box of 1 Bottle,0.0,0,130.0
SBL Ceanothus Americanus Dilution 1000 CH,bottle of 30 ml Dilution,0.0,0,129.0
Bjain Phylanthus Nirurs Dilution 12 CH,bottle of 10 ml Dilution,0.0,0,40.0
Ayurvedic Life Jambu Beej Powder,packet of 1 kg Powder,0.0,0,710.0
SBL Vincetoxicum Officinalis Dilution 200 CH,bottle of 30 ml Dilution,0.0,0,100.0
Bjain Allium Sativum Dilution 3X,bottle of 30 ml Dilution,0.0,0,115.0
Dr. Reckeweg Acid Carbolic Dilution 10M CH,bottle of 11 ml Dilution,0.0,0,200.0
Naturmed's Moringa Leaf Powder,jar of 200 gm Powder,3.6,5,211.0
Zindagi Krishna Tulsi,bottle of 30 ml Liquid,4.7,6,181.0
Bjain Vaccinum Dilution 30 CH,bottle of 30 ml Dilution,0.0,0,87.0
Jain Methi (Trigonella Foenum-Gaecum) Powder,box of 1 kg Powder,0.0,0,538.0
SBL Vincetoxicum Officinalis Dilution 30 CH,bottle of 30 ml Dilution,0.0,0,90.0
Dr Willmar Schwabe India Acidum Carbolicum Mother Tincture Q,bottle of 30 ml Mother Tincture,0.0,0,108.0
Bjain Triticum Repens Dilution 6X,bottle of 30 ml Dilution,0.0,0,105.0
Bjain Uranium Nitricum Dilution 6 CH,bottle of 30 ml Dilution,0.0,0,87.0
Bjain Phylanthus Nirurs Dilution 1000 CH,bottle of 10 ml Dilution,0.0,0,54.0
Bjain Alumen Dilution 30 CH,bottle of 30 ml Dilution,0.0,0,87.0
Bjain Arsenicum Bromatum Globules 30 CH,bottle of 6 gm Globules,0.0,0,85.0
SBL Uranium Muriaticum Dilution 30 CH,bottle of 30 ml Dilution,0.0,0,90.0
Bjain Ammonium Aceticum Mother Tincture Q,bottle of 100 ml Mother Tincture,0.0,0,172.0
Bjain Allium Sativum Dilution 200 CH,bottle of 100 ml Dilution,0.0,0,175.0
Bjain Acidum Sulphuricum Dilution 3X,bottle of 100 ml Dilution,0.0,0,205.0
Bjain Ceanothus Americanus Dilution 6X,bottle of 100 ml Dilution,0.0,0,205.0
Bjain Ceanothus Americanus Dilution 30 CH,bottle of 100 ml Dilution,0.0,0,167.0
Dr. Reckeweg Acid Carbolic Dilution 200 CH,bottle of 11 ml Dilution,0.0,0,145.0
Jeevan Ras Sugarcane Root Juice,bottle of 500 ml Juice,0.0,0,180.0
Bjain Acidum Sulphuricum Dilution 200 CH,bottle of 30 ml Dilution,0.0,0,102.0
Naturz Ayurveda Gurmar Powder,packet of 1 kg Powder,0.0,0,589.0
Bjain Ceanothus Americanus Dilution 3X,bottle of 100 ml Dilution,0.0,0,205.0
Bjain Abroma Augusta Dilution 200 CH,bottle of 100 ml Dilution,0.0,0,175.0
Bjain Acidum Aceticum Dilution 6 CH,bottle of 30 ml Dilution,0.0,0,87.0
Bjain Acidum Sulphuricum Dilution 6X,bottle of 100 ml Dilution,0.0,0,205.0
Bjain Cephalandra Indica Globules 3X,bottle of 6 gm Globules,0.0,0,85.0
Bjain Acidum Aceticum Dilution 3X,bottle of 30 ml Dilution,0.0,0,115.0
Bjain Uranium Nitricum Dilution 12 CH,bottle of 30 ml Dilution,0.0,0,87.0
Bjain Colocynthis Globules 12 CH,bottle of 6 gm Globules,0.0,0,85.0
Bjain Iodium Dilution 50M CH,bottle of 30 ml Dilution,0.0,0,297.0
Bjain Uranium Nitricum Globules 1000 CH,bottle of 6 gm Globules,0.0,0,85.0
Bjain Colocynthis Globules 200 CH,bottle of 6 gm Globules,0.0,0,85.0
Bjain Alumen Dilution 200 CH,bottle of 100 ml Dilution,0.0,0,177.0
Diazed Capsule,strip of 10 capsules,0.0,0,53.0
Bjain Triticum Repens Dilution 200 CH,bottle of 30 ml Dilution,0.0,0,102.0
SBL Gymnema Sylvestre Dilution 12 CH,bottle of 30 ml Dilution,0.0,0,90.0
Bjain Ferrum Iodatum Dilution 1000 CH,bottle of 30 ml Dilution,0.0,0,114.0
Bjain Uranium Nitricum Globules 200 CH,bottle of 6 gm Globules,0.0,0,80.75
Dr. Reckeweg Ceanothus A Dilution 3X,bottle of 11 ml Dilution,0.0,0,125.0
Dr. Reckeweg Acid Carbolic Dilution 1000 CH,bottle of 11 ml Dilution,0.0,0,180.0
Basic Ayurveda Basic 5 Greens Panch Ras,bottle of 500 ml Juice,3.9,14,226.0
Jain Jamun (Syzygium Cumini) Powder,bottle of 500 gm Powder,0.0,0,372.0
Aadar Jeevani 500mg Capsule (60 Each) Bottle,box of 1 Bottle,0.0,0,155.0
ADEL Ceanothus Dilution 200 CH,bottle of 10 ml Dilution,0.0,0,150.0
Nature's Velvet Karela Pure Extract 500mg Capsule,bottle of 60 capsules,0.0,0,495.0
BestSource Nutrition Fit Body Diabetes Care Capsule,bottle of 60 capsules,0.0,0,1140.0
Naturmed's Methi Powder,packet of 450 gm Powder,0.0,0,262.0
Bjain Acidum Sulphuricum Dilution 12 CH,bottle of 10 ml Dilution,0.0,0,40.0
Bjain Abroma Augusta Dilution 3X,bottle of 100 ml Dilution,0.0,0,207.0
Bjain Iodium Mother Tincture Q,bottle of 100 ml Mother Tincture,0.0,0,834.0
Dr. Reckeweg Ceanothus A Dilution 200 CH,bottle of 11 ml Dilution,0.0,0,145.0
Ayurvedic Life Baelpatra Powder,packet of 1 kg Powder,0.0,0,524.0
Jeevan Ras Shrifal Leaf Juice,bottle of 500 ml Juice,0.0,0,248.0
Bjain Triticum Repens Mother Tincture Q,bottle of 100 ml Mother Tincture,0.0,0,408.0
Madren Healthcare Nil-Sugar Capsule,bottle of 60 capsules,0.0,0,449.0
Bjain Iodium Globules 3X,bottle of 6 gm Globules,0.0,0,85.0
Dr. Reckeweg Ceanothus A Dilution 1000 CH,bottle of 11 ml Dilution,0.0,0,180.0
Bjain Acidum Sulphuricum Dilution 1000 CH,bottle of 100 ml Dilution,0.0,0,237.0
Bjain Syzygium Jambolanum Globules 6X,bottle of 6 gm Globules,0.0,0,80.75
ADEL Acid Acet Dilution 30 CH,bottle of 10 ml Dilution,0.0,0,123.0
Khadi Pure Herbal Pineapple Essential Oil,bottle of 15 ml Oil,0.0,0,339.0
SBL Uranium Nitricum 0/25 LM,bottle of 20 gm Globules,0.0,0,157.0
Dr Willmar Schwabe India Eupatorium Purpurium Dilution 200 CH,bottle of 30 ml Dilution,0.0,0,98.0
Medilexicon Dibolex Drop,bottle of 30 ml Drop,0.0,0,155.0
SBL Kali Aceticum Dilution 30 CH,bottle of 30 ml Dilution,0.0,0,90.0
SBL Urea Dilution 12 CH,bottle of 30 ml Dilution,0.0,0,90.0
Deve Herbes Pure Amla/Emblica Officinalis Oil,bottle of 30 ml Oil,0.0,0,354.0
SBL Uranium Nitricum 0/3 LM,bottle of 20 gm Globules,0.0,0,157.0
Way2Herbal Baelpatra Powder,packet of 1 kg Powder,0.0,0,536.0
Bjain Uranium Nitricum Globules 30 CH,bottle of 6 gm Globules,0.0,0,76.0
Bjain Acidum Aceticum Dilution 6X,bottle of 30 ml Dilution,0.0,0,115.0
Way2Herbal Jambu Beej Powder,packet of 1 kg Powder,0.0,0,646.0
Life Aveda Advanced Dia-Revival Veg Capsule,bottle of 60 vegicaps,0.0,0,609.0
Bjain Triticum Repens Dilution 3X,bottle of 30 ml Dilution,0.0,0,115.0
SBL Cephalandra Indica Dilution 1000 CH,bottle of 30 ml Dilution,0.0,0,128.0
SBL Gymnema Sylvestre Dilution 6 CH,bottle of 30 ml Dilution,0.0,0,90.0
Bjain Acidum Carbolicum Mother Tincture Q,bottle of 100 ml Mother Tincture,0.0,0,283.0
Bjain Cephalandra Indica Dilution 6 CH,bottle of 100 ml Dilution,0.0,0,167.0
Way2Herbal Vijaysar Powder,packet of 1 kg Powder,0.0,0,544.0
SBL Phaseolus Nanus Dilution 1000 CH,bottle of 30 ml Dilution,0.0,0,128.0
Deve Herbes Pure Flax Seed Cold Pressed Oil,bottle of 50 ml Oil,0.0,0,293.0
ADEL Acid Phosphoric Dilution 1000 CH,bottle of 10 ml Dilution,0.0,0,195.0
SBL Uranium Nitricum 0/14 LM,bottle of 20 gm Globules,0.0,0,157.0
Bjain Syzygium Jambolanum Globules 3X,bottle of 6 gm Globules,0.0,0,80.75
Bjain Triticum Repens Dilution 30 CH,bottle of 30 ml Dilution,0.0,0,87.0
Bjain Acidum Sulphuricum Dilution 6 CH,bottle of 30 ml Dilution,0.0,0,87.0
Pragna Karela Powder Pack of 2,packet of 90 gm Powder,0.0,0,114.0
Naturmed's Mamejevo Powder,jar of 200 gm Powder,0.0,0,176.0
Bjain Acidum Aceticum Dilution 12 CH,bottle of 100 ml Dilution,0.0,0,167.0
Ayukriti Herbals Amla Juice,bottle of 500 ml Juice,0.0,0,271.0
Deve Herbes Pure Sesame/Sesamum Indicum Cold Pressed Oil,bottle of 100 ml Oil,0.0,0,293.0
SBL Uranium Nitricum 0/18 LM,bottle of 20 gm Globules,0.0,0,157.0
SBL Acid Aceticum Dilution 3 CH,bottle of 30 ml Dilution,0.0,0,90.0
Ayurvedic Life Methi Seeds Powder,packet of 1 kg Powder,0.0,0,710.0
SBL Acid Aceticum Dilution 12 CH,bottle of 30 ml Dilution,0.0,0,90.0
SBL Uranium Nitricum 0/22 LM,bottle of 20 gm Globules,0.0,0,157.0
SBL Vincetoxicum Officinalis Dilution 6 CH,bottle of 30 ml Dilution,0.0,0,90.0
Bjain Iodium Globules 6X,bottle of 6 gm Globules,0.0,0,76.0
Bjain Alumen Dilution 1000 CH,bottle of 30 ml Dilution,0.0,0,114.0
SBL Vincetoxicum Officinalis Dilution 1000 CH,bottle of 30 ml Dilution,0.0,0,135.0
Dr. Reckeweg Insulin Dilution 10M CH,bottle of 11 ml Dilution,0.0,0,200.0
Bjain Ammonium Aceticum Dilution 1000 CH,bottle of 100 ml Dilution,0.0,0,234.0
Dr. Reckeweg Ceanothus A Dilution CM CH,bottle of 11 ml Dilution,0.0,0,248.0
Bjain Ammonium Aceticum Dilution 6X,bottle of 10 ml Dilution,0.0,0,70.0
Bjain Acidum Lacticum Dilution 200 CH,bottle of 100 ml Dilution,0.0,0,175.0
Bjain Abroma Augusta Dilution 12 CH,bottle of 30 ml Dilution,0.0,0,82.0
SBL Uranium Muriaticum Dilution 6 CH,bottle of 30 ml Dilution,0.0,0,90.0
Bjain Syzygium Jambolanum Dilution 30 CH,bottle of 30 ml Dilution,0.0,0,87.0
Bjain Ceanothus Americanus Dilution 1000 CH,bottle of 100 ml Dilution,0.0,0,234.0
Planet Ayurveda Diableen Vege Capsule,bottle of 60 vegicaps,0.0,0,1215.0
Naturz Ayurveda Methi Seeds Powder,packet of 1 kg Powder,0.0,0,628.0
Bjain Ceanothus Americanus Globules 3X,bottle of 6 gm Globules,0.0,0,85.0
Bjain Ferrum Iodatum Dilution 6 CH,bottle of 10 ml Dilution,0.0,0,42.75
Bjain Triticum Repens Globules 6X,bottle of 6 gm Globules,0.0,0,76.0
Dr Willmar Schwabe India Phaseolus Vulgaris Mother Tincture Q,bottle of 30 ml Mother Tincture,0.0,0,223.0
SBL Uranium Nitricum 0/11 LM,bottle of 20 gm Globules,0.0,0,157.0
Bjain Arsenicum Bromatum Globules 1000 CH,bottle of 6 gm Globules,0.0,0,85.0
Bjain Syzygium Jambolanum Globules 1000 CH,bottle of 6 gm Globules,0.0,0,85.0
SBL Uranium Muriaticum Dilution 200 CH,bottle of 30 ml Dilution,0.0,0,97.0
SBL Acid Aceticum Dilution 6 CH,bottle of 30 ml Dilution,0.0,0,90.0
Dr Willmar Schwabe India Acidum Lacticum Dilution 1000 CH,bottle of 30 ml Dilution,0.0,0,113.0
Bjain Alumen Dilution 10M CH,bottle of 100 ml Dilution,0.0,0,404.0
SBL Kali Aceticum Dilution 200 CH,bottle of 30 ml Dilution,0.0,0,97.0
Bjain Ceanothus Americanus Dilution 6 CH,bottle of 100 ml Dilution,0.0,0,167.0
Bjain Acidum Aceticum Mother Tincture Q,bottle of 30 ml Mother Tincture,0.0,0,100.0
Bjain Cephalandra Indica Globules 6 CH,bottle of 6 gm Globules,0.0,0,76.0
Bjain Allium Sativum Dilution 6 CH,bottle of 100 ml Dilution,0.0,0,167.0
Bjain Arsenicum Bromatum Globules 12 CH,bottle of 6 gm Globules,0.0,0,85.0
Bjain Cephalandra Indica Globules 30 CH,bottle of 6 gm Globules,0.0,0,85.0
Bjain Iodium Globules 12 CH,bottle of 6 gm Globules,0.0,0,85.0
Bjain Ammonium Aceticum Dilution 200X,bottle of 30 ml Dilution,0.0,0,102.0
Bjain Colocynthis Globules 6 CH,bottle of 6 gm Globules,0.0,0,85.0
Bjain Acidum Lacticum Dilution 6 CH,bottle of 30 ml Dilution,0.0,0,82.0
SBL Uranium Nitricum 0/6 LM,bottle of 20 gm Globules,0.0,0,157.0
Bjain Cephalandra Indica Dilution 12 CH,bottle of 100 ml Dilution,0.0,0,157.0
SBL Uranium Nitricum 0/27 LM,bottle of 20 gm Globules,0.0,0,157.0
Bjain Triticum Repens Dilution 12 CH,bottle of 30 ml Dilution,0.0,0,82.0
Bjain Cephalandra Indica Globules 12 CH,bottle of 6 gm Globules,0.0,0,85.0
Bjain Cephalandra Indica Globules 1000 CH,bottle of 6 gm Globules,0.0,0,80.75
Bjain Ceanothus Americanus Globules 1000 CH,bottle of 6 gm Globules,0.0,0,85.0
Bjain Syzygium Jambolanum Globules 30 CH,bottle of 6 gm Globules,0.0,0,76.0
Bjain Triticum Repens Globules 200 CH,bottle of 6 gm Globules,0.0,0,85.0
Deve Herbes Pure Aloe Vera/Aloe Barbadensis Cold Pressed Oil,bottle of 100 ml Oil,0.0,0,989.0
Dr. Reckeweg Acid Aceticum Dilution 10M CH,bottle of 11 ml Dilution,0.0,0,200.0
SBL Uranium Nitricum 0/21 LM,bottle of 20 gm Globules,0.0,0,157.0
Bjain Vaccinum Dilution 200 CH,bottle of 30 ml Dilution,0.0,0,102.0
SBL Uranium Nitricum 0/29 LM,bottle of 20 gm Globules,0.0,0,157.0
ADEL Ceanothus Dilution 30 CH,bottle of 10 ml Dilution,0.0,0,130.0
SBL Uranium Nitricum 0/17 LM,bottle of 20 gm Globules,0.0,0,157.0
Bjain Ferrum Iodatum Globules 12 CH,bottle of 6 gm Globules,0.0,0,85.0
Bjain Acidum Lacticum Globules 6 CH,bottle of 6 gm Globules,0.0,0,85.0
Bjain Phylanthus Nirurs Dilution 200 CH,bottle of 100 ml Dilution,0.0,0,175.0
Bjain Ammonium Aceticum Dilution 3X,bottle of 10 ml Dilution,0.0,0,70.0
Bjain Kalium Aceticum Globules 6 CH,bottle of 6 gm Globules,0.0,0,85.0
Bjain Triticum Repens Dilution 1000 CH,bottle of 100 ml Dilution,0.0,0,234.0
Bjain Ferrum Iodatum Globules 6 CH,bottle of 6 gm Globules,0.0,0,85.0
SBL Uranium Nitricum 0/12 LM,bottle of 20 gm Globules,0.0,0,157.0
Bjain Phylanthus Nirurs Dilution 6 CH,bottle of 100 ml Dilution,0.0,0,167.0
Bjain Kalium Aceticum Dilution 200 CH,bottle of 30 ml Dilution,0.0,0,102.0
Bjain Triticum Repens Dilution 6 CH,bottle of 100 ml Dilution,0.0,0,157.0
SBL Vincetoxicum Officinalis Dilution 12 CH,bottle of 30 ml Dilution,0.0,0,90.0
Bjain Uranium Nitricum Globules 6 CH,bottle of 6 gm Globules,0.0,0,76.0
Bjain Alumen Dilution 6 CH,bottle of 30 ml Dilution,0.0,0,82.0
Bjain Kalium Aceticum Globules 1000 CH,bottle of 6 gm Globules,0.0,0,85.0
SBL Uranium Muriaticum Dilution 12 CH,bottle of 30 ml Dilution,0.0,0,90.0
Herb Essential Karela (Momordica Charantia) Powder,packet of 100 gm Powder,0.0,0,140.0
Bjain Ceanothus Americanus Globules 12 CH,bottle of 6 gm Globules,0.0,0,85.0
SBL Uranium Nitricum 0/24 LM,bottle of 20 gm Globules,0.0,0,157.0
Bjain Vaccinum Dilution 12 CH,bottle of 100 ml Dilution,0.0,0,157.0
SBL Uranium Nitricum 0/26 LM,bottle of 20 gm Globules,0.0,0,157.0
SBL Uranium Nitricum 0/19 LM,bottle of 20 gm Globules,0.0,0,157.0
Bjain Acidum Aceticum Dilution 1000 CH,bottle of 100 ml Dilution,0.0,0,234.0
Bjain Ferrum Iodatum Dilution 10M CH,bottle of 10 ml Dilution,0.0,0,114.0
Bjain Abroma Augusta Dilution 1000 CH,bottle of 30 ml Dilution,0.0,0,114.0
Bjain Alumen Dilution 12 CH,bottle of 30 ml Dilution,0.0,0,87.0
Bjain Triticum Repens Globules 3X,bottle of 6 gm Globules,0.0,0,85.0
SBL Uranium Nitricum 0/5 LM,bottle of 20 gm Globules,0.0,0,157.0
Bjain Abroma Augusta Dilution 6 CH,bottle of 100 ml Dilution,0.0,0,157.0
Bjain Acidum Lacticum Globules 1000 CH,bottle of 6 gm Globules,0.0,0,85.0
Shivalik Herbals Karela 500mg Capsule Pack of 2,bottle of 60 capsules,0.0,0,519.0
Bjain Kalium Aceticum Dilution 1000 CH,bottle of 100 ml Dilution,0.0,0,216.0
Bjain Ferrum Iodatum Globules 200 CH,bottle of 6 gm Globules,0.0,0,76.0
Bjain Ceanothus Americanus Globules 6X,bottle of 6 gm Globules,0.0,0,85.0
Bjain Ammonium Aceticum Dilution 200 CH,bottle of 100 ml Dilution,0.0,0,166.0
Bjain Ceanothus Americanus Dilution 12 CH,bottle of 30 ml Dilution,0.0,0,82.0
Bjain Triticum Repens Globules 1000 CH,bottle of 6 gm Globules,0.0,0,85.0
Bjain Allium Sativum Dilution 1000 CH,bottle of 30 ml Dilution,0.0,0,114.0
Bjain Cephalandra Indica Globules 200 CH,bottle of 6 gm Globules,0.0,0,76.0
Bjain Acidum Lacticum Globules 12 CH,bottle of 6 gm Globules,0.0,0,76.0
SBL Kali Aceticum Dilution 1000 CH,bottle of 30 ml Dilution,0.0,0,135.0
Bjain Ferrum Iodatum Globules 1000 CH,bottle of 6 gm Globules,0.0,0,85.0
Bjain Triticum Repens Globules 6 CH,bottle of 6 gm Globules,0.0,0,85.0
Bjain Ceanothus Americanus Globules 200 CH,bottle of 6 gm Globules,0.0,0,76.0
SBL Uranium Nitricum 0/7 LM,bottle of 20 gm Globules,0.0,0,157.0
Bjain Triticum Repens Globules 30 CH,bottle of 6 gm Globules,0.0,0,85.0
Bjain Colocynthis Globules 3X,bottle of 6 gm Globules,0.0,0,85.0
Bjain Acidum Lacticum Dilution 12 CH,bottle of 100 ml Dilution,0.0,0,167.0
Bjain Acidum Lacticum Globules 200 CH,bottle of 6 gm Globules,0.0,0,76.0
SBL Kali Aceticum Dilution 12 CH,bottle of 30 ml Dilution,0.0,0,90.0
Bjain Uranium Nitricum Globules 12 CH,bottle of 6 gm Globules,0.0,0,85.0
SBL Uranium Nitricum 0/8 LM,bottle of 20 gm Globules,0.0,0,157.0
SBL Uranium Nitricum 0/15 LM,bottle of 20 gm Globules,0.0,0,157.0
Bjain Colocynthis Globules 1000 CH,bottle of 6 gm Globules,0.0,0,85.0
Bjain Kalium Aceticum Globules 200 CH,bottle of 6 gm Globules,0.0,0,76.0
Bjain Colocynthis Globules 6X,bottle of 6 gm Globules,0.0,0,85.0
Bjain Vaccinum Dilution 1000 CH,bottle of 100 ml Dilution,0.0,0,216.0
SBL Kali Aceticum Dilution 6 CH,bottle of 30 ml Dilution,0.0,0,90.0
Bjain Acidum Lacticum Dilution 30 CH,bottle of 30 ml Dilution,0.0,0,87.0
SBL Uranium Muriaticum Dilution 1000 CH,bottle of 30 ml Dilution,0.0,0,128.0
Bjain Kalium Aceticum Globules 12 CH,bottle of 6 gm Globules,0.0,0,76.0
SBL Uranium Nitricum 0/2 LM,bottle of 20 gm Globules,0.0,0,157.0
Bjain Vaccinum Dilution 10M CH,bottle of 30 ml Dilution,0.0,0,260.0
Eco Ensulin Veg Caps,bottle of 90 vegicaps,0.0,0,349.0
NOW Foods Tri-Chromium 500mcg Veg Capsule,bottle of 90 capsules,0.0,0,975.0
LDD Bioscience Syzygium Jambolanum Mother Tincture Q,bottle of 100 ml Mother Tincture,0.0,0,172.8
Vitomax Capsule,strip of 10 capsules,0.0,0,221.06
Yuvika Vijaysar - Pterocarpus Marsupium - Indian Kino,packet of 100 gm Bark,0.0,0,179.0
Bio-Av Ginger Tablet,bottle of 30 tablets,0.0,0,330.0
St. George’s Spirulina Mother Tincture Q,bottle of 30 ml Mother Tincture,0.0,0,196.0
German's Diabetic Care and Cure Drop,bottle of 30 ml Drop,0.0,0,142.5
Dr. Reckeweg R86 Low Blood Sugar Drop,bottle of 30 ml Drop,0.0,0,271.0
BHP Syzy-Gym Compound Syrup,bottle of 100 ml Syrup,0.0,0,90.0
St. George’s Aloe Vera Mother Tincture Q,bottle of 30 ml Mother Tincture,0.0,0,181.0
Alnavedic Alnameh Jamun Neem Karela Ras,bottle of 450 ml Liquid,2.0,6,226.0
Natural Karela 500mg Capsule,bottle of 60 capsules,0.0,0,449.0
Virgo Healthcare Lycovir Capsule,strip of 10 capsules,0.0,0,137.0
Lord's Syzygium Jamb Mother Tincture Q,bottle of 30 ml Mother Tincture,0.0,0,95.0
Nutriley CRD Ayurveda Diabakon  Capsule,bottle of 60 capsules,0.0,0,420.0
Lord's Helonias Dioica Mother Tincture Q,bottle of 30 ml Mother Tincture,0.0,0,204.25
Hering Pharma Spirulina Mother Tincture Q,bottle of 30 ml Mother Tincture,0.0,0,171.0
Ralson Remedies Pankreaso Drop,bottle of 30 ml Drop,0.0,0,138.0
Prime Health-UK Syzgium PH Drop,bottle of 30 ml Drop,0.0,0,675.0
Sen Coq Capsule,strip of 10 capsules,0.0,0,382.5
Satvyk Organic Drumsticks Leaves Powder,packet of 100 gm Powder,3.7,7,95.0
Dr. Wellmans WHL Diebeto Care Drop,bottle of 30 ml Drop,0.0,0,144.0
Deep Ayurveda Diacure for Diabetes Management Extract Based Capsule,bottle of 30 capsules,0.0,0,295.0
Dr Willmar Schwabe Germany Andrographis Paniculata Mother Tincture Q,bottle of 20 ml Mother Tincture,0.0,0,430.0
Hering Pharma Insulinum Trituration Tablet 6X,jar of 450 gm Trituration Tablet,0.0,0,660.0
Supermucil Lactogol Orange Granules,bottle of 90 gm Granules,0.0,0,207.0
Similia Insulin Trituration Tablet 6X,bottle of 450 gm Trituration Tablet,0.0,0,732.0
Np's Diatex Drop for Diabetes,bottle of 30 ml Drop,0.0,0,142.0
Wheezal WL13 Glandula Drop,bottle of 30 ml Drop,0.0,0,155.0
Bakson's Biocombination 7 Tablet,bottle of 4500 biocombination tablets,0.0,0,655.0
Narbada Ayurveda Dia Herb - Diabetes Herbal Powder,packet of 100 gm Powder,0.0,0,182.0
Excel AKG 05 E-Diabetic Drop,bottle of 30 ml Drop,0.0,0,142.0
Pioneer Pharma P9 Sugar Nil Drop,bottle of 30 ml Drop,0.0,0,160.0
Nutriherbs Grapes Seed Extract 500mg Capsule,bottle of 90 capsules,3.7,9,689.0
Lord's Rhus Arom Mother Tincture Q,bottle of 30 ml Mother Tincture,0.0,0,190.0
Raayancha Herbals DB Capsule for Diabetes,bottle of 60 capsules,0.0,0,799.0
Medlife Essentials Diabetasafe Tablet,bottle of 60 tablets,0.0,0,649.0
Dr. Reckeweg Insulin Dilution 3X,bottle of 11 ml Dilution,0.0,0,125.0
Bjain Cephalandra Indica Mother Tincture Q,bottle of 100 ml Mother Tincture,4.7,6,179.55
Dr. Reckeweg Arsenicum Brom Dilution 30 CH,bottle of 11 ml Dilution,0.0,0,125.0
Normodiab Tablet,bottle of 60 tablets,0.0,0,990.0
Diabe 250 Tablet,bottle of 60 tablets,0.0,0,355.0
HealthVit Dudhi Powder,packet of 100 gm Powder,0.0,0,239.8
Vedic Upchar DIG-RI (DC-24) Capsule,bottle of 60 capsules,0.0,0,780.0
Kottakkal Ayurveda Aragvadhadi Kashayam,bottle of 200 ml Liquid,0.0,0,100.0
Dr. Johns Dianil Sugar Free Tonic,bottle of 120 ml Tonic,0.0,0,75.0
Medilexicon Glucocare Tablet,bottle of 100 gm Tablet,0.0,0,378.0
Dr. Reckeweg Arsenicum Brom Dilution 6 CH,bottle of 11 ml Dilution,0.0,0,125.0
Madren Healthcare Bitter Melon 250mg Capsule,bottle of 60 capsules,0.0,0,215.0
Kerala Ayurveda Liposem Syrup,bottle of 450 ml Syrup,0.0,0,255.0
Bjain GYMNEMA SYLVESTRE Mother Tincture Q,bottle of 30 ml Mother Tincture,0.0,0,69.0
Dr. Reckeweg Arsenicum Brom Dilution 3X,bottle of 11 ml Dilution,0.0,0,125.0
Vaidhyashala Amalaki Churn,bottle of 100 gm Churna,0.0,0,150.0
DM-Blue Tablet,strip of 10 tablets,0.0,0,120.0
Axiom Madhumrita Navel Ointment,tube of 15 ml Ointment,0.0,0,100.0
Bjain Uranium Nitricum Globules 3X,bottle of 6 gm Globules,0.0,0,85.0
Dr. Reckeweg Urea Pura Dilution 3X,bottle of 11 ml Dilution,3.8,6,125.0
Kalpamrit Energy Management Regulator,bottle of 120 ml Liquid,0.0,0,333.0
SAN-F Fenugreek Oil Capsule,strip of 10 capsules,0.0,0,200.0
MD Homoeo Dibeno Mixture,bottle of 30 ml Liquid,0.0,0,100.0
Goodcare Diabet Guard Granules,box of 100 gm Granules,0.0,0,160.0
Nagarjuna Diamel Powder,jar of 200 gm Powder,0.0,0,195.0
Dr Willmar Schwabe India Syzygium Jambolanum Dilution 12 CH,bottle of 30 ml Dilution,0.0,0,112.0
IMC Sugar Away Kit,packet of 1 Kit,0.0,0,4330.0
Vashisht Ginseng Tablet 1X,bottle of 100 tablets,0.0,0,190.0
Glycoban  Capsule,strip of 10 capsules,0.0,0,27.5
Zevic Stevia Handpicked Leaves,packet of 50 gm Leaves,4.0,7,150.0
Nectar Stevia Powder,packet of 50 gm Powder,0.0,0,180.0
Diabmass (A Kit of 2x150ml Syrup and 3x10 Capsules),box of 1 Combo Pack,0.0,0,593.0
Zenith Nutrition Ginseng  500mg  Capsule,bottle of 100 capsules,4.1,15,600.0
NeutraLeaf Ashwagandha Capsule,bottle of 120 capsules,0.0,0,659.0
Sukh Madhumukti Ras,bottle of 500 ml Liquid,0.0,0,190.0
"Le' ayur Combo Pack of Amla, Neem, Methidana, Bel Patra, Jamun Gutli, Karela & Gudmar Powder (100g Each)",combo pack of 7 Packs,0.0,0,1255.0
NutrActive Sky Fruit Unpeeled Seeds,packet of 150 gm Seeds,0.0,0,374.0
Ayukriti Herbals Brahmi Juice,bottle of 500 ml Juice,0.0,0,269.0
Allen Nutraceutical Gymnema Sylvestre 500mg Capsule,box of 50 capsules,0.0,0,833.0
Dialife Capsule,strip of 10 capsules,0.0,0,33.0
Kudos IME 9 (180 Tablet Each),combo pack of 3 bottles,0.0,0,2700.0
ADEL Ceanothus A Mother Tincture Q,bottle of 20 ml Mother Tincture,0.0,0,270.0
Dr Willmar Schwabe India Insulinum Dilution 12 CH,bottle of 30 ml Dilution,4.8,5,112.0
Pure Nutrition Fensugen Capsule,bottle of 60 capsules,0.0,0,1199.0
United Rakshya D.M Tablet,bottle of 60 tablets,0.0,0,240.0
NutrActive Vijaysar Herbal Wood Blocks,box of 14 Wood Bark,0.0,0,400.0
So Sweet Rebaudioside A 97%,box of 10 gm Powder,0.0,0,400.0
Pragna Ashwagandha Powder,packet of 90 gm Powder,4.2,12,97.0
Dr. Reckeweg Arsenicum Brom Dilution 200 CH,bottle of 11 ml Dilution,0.0,0,145.0
Dr. Reckeweg Acid Carbolic Dilution 6 CH,bottle of 11 ml Dilution,0.0,0,125.0
Dr Willmar Schwabe India Cephalandra Indica Dilution 200 CH,bottle of 30 ml Dilution,0.0,0,98.0
Hapdco Tretol Capsule,box of 25 capsules,0.0,0,125.0
Multani Sugralo DM Kit (Sugralo DM 540 Tablets & Neem Tulsi 90 Tablets),packet of 1 Kit,0.0,0,2900.0
Ayurvedic Life Bhuiamlaki Powder,packet of 1 kg Powder,0.0,0,700.0
Green Sweetener Stevia Drops,bottle of 10 ml Drop,0.0,0,189.0
Dr. Reckeweg Urea Pura Dilution 1000 CH,bottle of 11 ml Dilution,3.8,6,175.0
MahaVed Gurmar Vegetarian Capsule,bottle of 60 capsules,0.0,0,549.0
NutrActive Jamun Seed Powder,jar of 150 gm Powder,0.0,0,154.0
Dr. Reckeweg Insulin Dilution 50M CH,bottle of 11 ml Dilution,0.0,0,224.0
Dr. Reckeweg Arsenicum Brom Dilution 50M CH,bottle of 11 ml Dilution,0.0,0,224.0
Novel Nutrients Haridra (Curcumin) 300mg Capsule,bottle of 60 capsules,0.0,0,470.0
NeutraLeaf Spirulina Capsule,bottle of 120 capsules,0.0,0,618.0
Bjain Arsenicum Bromatum Globules 3X,bottle of 6 gm Globules,0.0,0,85.0
Dr. Reckeweg Acid Carbolic Dilution 3X,bottle of 11 ml Dilution,0.0,0,125.0
Dr Willmar Schwabe India Gymnema Sylvestre Dilution 12 CH,bottle of 30 ml Dilution,0.0,0,112.0
NutrActive Vijaysar Herbal Bark,packet of 100 gm Wood Bark,0.0,0,110.0
St. George’s TCT 72 Diabetes Tablet,bottle of 30 gm Tablet,0.0,0,90.0
Vashisht Syzygium Jambolanum Tablet 1X,bottle of 100 tablets,0.0,0,136.0
Bjain Uranium Nitricum Globules 6X,bottle of 6 gm Globules,0.0,0,85.0
Zindagi Stevia Nature's Sweetener Powder,bottle of 230 gm Powder,4.2,13,356.0
NutrActive Stevia Dry Leaf,box of 100 gm Leaves,3.4,7,232.0
Vitro Naturals 100% Certified Organic Karela Powder,bottle of 100 gm Powder,0.0,0,73.0
Dr Willmar Schwabe India Ammi Visnaga Dilution 200 CH,bottle of 30 ml Dilution,0.0,0,98.0
Dr. Reckeweg Urea Pura Dilution CM CH,bottle of 11 ml Dilution,3.8,6,248.0
Kudos Madhusudha Ras Super No. 1,bottle of 500 ml Liquid,0.0,0,143.0
HealthVit Natural Coriander (Coriandrum Sativum) Powder,packet of 100 gm Powder,0.0,0,217.0
Novel Nutrients Curcuminox 1000mg Capsule,bottle of 60 capsules,0.0,0,1156.0
Naturmed's Safed Musli Powder,jar of 200 gm Powder,3.6,11,497.0
Welex Welebes Capsule,bottle of 60 capsules,0.0,0,723.0
So Sweet Stevia Gift Pack,packet of 1 Kit,0.0,0,464.0
Way2Herbal Jambu Capsule,bottle of 120 capsules,0.0,0,545.0
Naturmed's Bilva Powder,jar of 200 gm Powder,0.0,0,150.0
ADEL Acid Carbolic Dilution 1000 CH,bottle of 10 ml Dilution,0.0,0,180.0
Novel Nutrients Diabenz 450mg Capsule,bottle of 60 capsules,0.0,0,525.0
Hapdco Bio-Combination 7 Tablet,bottle of 25 gm Biocombination Tablet,0.0,0,85.0
Dr Willmar Schwabe India Ammi Visnaga Dilution 1000 CH,bottle of 30 ml Dilution,0.0,0,112.0
Sukh Neem Karela Jamun Ras,bottle of 500 ml Liquid,0.0,0,190.0
GNC Herbal Plus Cinnamon and Chromium Capsule,bottle of 60 capsules,0.0,0,1724.0
Pure Nutrition Green Coffee Bean with Chromium Capsule,bottle of 60 capsules,0.0,0,929.0
Venus Ayurveda Herbspure Forte Syrup,bottle of 200 ml Syrup,0.0,0,124.0
Le Delicio Multi Clove Black Garlic,packet of 100 gm Pack,0.0,0,435.0
Indian Remedies Ziaab 110 Capsule,bottle of 30 capsules,0.0,0,110.0
Bahola Bio Complex 7 Biocombination Tablet,bottle of 25 gm Biocombination Tablet,0.0,0,75.0
Indian Remedies Extract of Ashwagandha Capsule,bottle of 100 capsules,4.0,8,220.0
Dr. Juneja's Madhumani Granules,box of 125 gm Granules,4.2,8,141.0
NutrActive Ambe Haldi Powder,packet of 100 gm Powder,0.0,0,148.0
Healthawin Garcinia Cambogia & Green Coffee Bean Extract 500mg Capsule,bottle of 90 capsules,0.0,0,1675.0
Dr Willmar Schwabe India Acidum Lacticum Dilution 12 CH,bottle of 30 ml Dilution,0.0,0,112.0
Bjain Arsenicum Bromatum Globules 6X,bottle of 6 gm Globules,0.0,0,85.0
Dr. Reckeweg Arsenicum Brom Dilution CM CH,bottle of 11 ml Dilution,0.0,0,248.0
Biotrex Karela Herbal Powder,packet of 200 gm Powder,0.0,0,143.0
Dr Willmar Schwabe India Cephalandra Indica Dilution 30 CH,bottle of 30 ml Dilution,0.0,0,86.0
Dr. Alfred James Neem Karela Jamun Juice,bottle of 250 ml Juice,0.0,0,289.0
Planet Ayurveda Garlic Capsule,bottle of 60 capsules,0.0,0,1215.0
Dr. Reckeweg Acid Carbolic Dilution 50M CH,bottle of 11 ml Dilution,0.0,0,224.0
HealthVit Natural Garlic (Allium Sativum) Powder,packet of 100 gm Powder,0.0,0,135.0
Holy Vedaa Aayurveda Moringa Capsule,bottle of 60 capsules,0.0,0,295.0
Dr. Reckeweg Urea Pura Dilution 10M CH,bottle of 11 ml Dilution,3.8,6,194.0
Dr. Reckeweg Uranium Nitricum Dilution CM CH,bottle of 11 ml Dilution,0.0,0,248.0
Nature's Bounty Cinnamon 1000mg Capsule,bottle of 100 capsules,0.0,0,1799.0
Dr Willmar Schwabe India Ammi Visnaga Dilution 12 CH,bottle of 30 ml Dilution,0.0,0,112.0
Dr Willmar Schwabe India Cephalandra Indica Dilution 6 CH,bottle of 30 ml Dilution,0.0,0,86.0
Holy Vedaa Aayurveda Insorich Capsule,box of 60 capsules,0.0,0,318.0
Dr. Reckeweg Acid Aceticum Dilution 50M CH,bottle of 11 ml Dilution,0.0,0,224.0
Jeevan Organics Amala P Capsule,bottle of 60 capsules,0.0,0,350.0
Naturmed's Stevia Powder,jar of 200 gm Powder,2.5,21,176.0
MI Labs Sugar Management Capsule,bottle of 60 capsules,0.0,0,790.0
Madren Healthcare Barley Grass Powder,bottle of 100 gm Powder,0.0,0,495.0
Morpheme Jamun  Capsule,bottle of 60 capsules,4.4,5,349.0
Dr Willmar Schwabe India Ceanothus Americanus Dilution 12 CH,bottle of 30 ml Dilution,0.0,0,112.0
Green Sweetener Stevia Sachet (1g),packet of 50 Sachets,0.0,0,200.0
Sweet Herb Natural Stevia Sweetener Liquid,bottle of 10 ml Liquid,0.0,0,175.0
Ayukriti Herbals Diabenon Capsule,box of 30 capsules,0.0,0,240.0
Dr. Reckeweg Arsenicum Brom Dilution 10M CH,bottle of 11 ml Dilution,0.0,0,194.0
Dr. Reckeweg Ceanothus A Dilution 6 CH,bottle of 11 ml Dilution,0.0,0,125.0
Dr. Reckeweg Acid Aceticum Dilution CM CH,bottle of 11 ml Dilution,0.0,0,248.0
Balu Herbals Kasthuri Pasupu Powder,packet of 100 gm Powder,0.0,0,120.0
Holy Vedaa Aayurveda Cofit Capsule,box of 60 capsules,0.0,0,690.0
Sweet Herb Stevia Dry Leaves Powder,packet of 50 gm Powder,0.0,0,120.0
Sira Zero Calorie Sugar Stevia Drop,bottle of 10 ml Drop,0.0,0,199.0
Shrey's Glucare Capsule,box of 30 capsules,0.0,0,226.5
Dr. Reckeweg Urea Pura Dilution 50M CH,bottle of 11 ml Dilution,3.8,6,224.0
Bjain Acidum Lacticum Globules 3X,bottle of 6 gm Globules,0.0,0,85.0
Dr Willmar Schwabe India Eupatorium Purpurium Dilution 1000 CH,bottle of 30 ml Dilution,0.0,0,112.0
Dr Willmar Schwabe India Cephalandra Indica Dilution 12 CH,bottle of 30 ml Dilution,0.0,0,112.0
Bjain Kalium Aceticum Globules 3X,bottle of 6 gm Globules,0.0,0,85.0
MahaVed Black Seed Vegetarian Capsule,bottle of 60 capsules,0.0,0,549.0
Dr Willmar Schwabe India Uranium Nitricum Dilution 12 CH,bottle of 30 ml Dilution,0.0,0,112.0
Dr. Reckeweg Arsenicum Brom Dilution 1000 CH,bottle of 11 ml Dilution,0.0,0,175.0
Prakruti BGN-6 (60 Capsules each),bottle of 2 capsules,0.0,0,780.0
Jeevan Organics Neem P Capsule,bottle of 60 capsules,0.0,0,350.0
Dr. Reckeweg Acid Aceticum Dilution 6 CH,bottle of 11 ml Dilution,0.0,0,125.0
Dr Willmar Schwabe India Kali Aceticum Dilution 1000 CH,bottle of 30 ml Dilution,0.0,0,112.0
Bjain Acidum Lacticum Globules 6X,bottle of 6 gm Globules,0.0,0,85.0
HealthVit Natural Spirulina (Dietary Supplement) Powder,packet of 100 gm Powder,0.0,0,308.0
Dr Willmar Schwabe India Kali Aceticum Dilution 6 CH,bottle of 30 ml Dilution,0.0,0,86.0
Dr Willmar Schwabe India Ammi Visnaga Dilution 6 CH,bottle of 30 ml Dilution,0.0,0,86.0
Dr Willmar Schwabe India Eupatorium Purpurium Dilution 12 CH,bottle of 30 ml Dilution,0.0,0,112.0
Bjain Kalium Aceticum Globules 6X,bottle of 6 gm Globules,0.0,0,85.0
Dr Willmar Schwabe India Cephalandra Indica Dilution 1000 CH,bottle of 30 ml Dilution,0.0,0,112.0
Ayurvedic Life Karela Powder,packet of 1 kg Powder,0.0,0,815.0
ADEL Acid Acet Dilution 1000 CH,bottle of 10 ml Dilution,0.0,0,170.0
Birla Ayurveda Shatavari Choorna Tablet,bottle of 60 tablets,0.0,0,152.0
Dr. Reckeweg Uranium Nitricum Dilution 50M CH,bottle of 11 ml Dilution,0.0,0,224.0
Dr Willmar Schwabe India Kali Aceticum Dilution 30 CH,bottle of 30 ml Dilution,0.0,0,86.0
Le Delicio Single Clove Black Garlic,packet of 250 gm Pack,0.0,0,1281.0
Ayurvedic Life Jambu Capsule,bottle of 120 capsules,0.0,0,485.0
Dr Willmar Schwabe India Kali Aceticum Dilution 200 CH,bottle of 30 ml Dilution,0.0,0,98.0
Biotrex Karela 500mg Capsule,bottle of 60 capsules,0.0,0,292.0
Venus Ayurveda Anti Diabetic Ras,bottle of 500 ml Liquid,0.0,0,340.0
Dr. Reckeweg Acid Carbolic Dilution CM CH,bottle of 11 ml Dilution,0.0,0,248.0
MahaVed Ashwagandha Vegetarian Capsule,bottle of 60 capsules,0.0,0,549.0
Dr Willmar Schwabe India Kali Aceticum Dilution 12 CH,bottle of 30 ml Dilution,0.0,0,112.0
Bjain Ferrum Iodatum Globules 3X,bottle of 6 gm Globules,0.0,0,85.0
MahaVed Aloevera Vegetarian Capsule,bottle of 60 capsules,0.0,0,549.0
ADEL Ceanothus Dilution 1000 CH,bottle of 10 ml Dilution,0.0,0,170.0
Dr Willmar Schwabe India Eupatorium Purpurium Dilution 6 CH,bottle of 30 ml Dilution,0.0,0,86.0
Dr. Reckeweg Acid Aceticum Dilution 3X,bottle of 11 ml Dilution,0.0,0,125.0
Bjain Ferrum Iodatum Globules 6X,bottle of 6 gm Globules,0.0,0,85.0
Dr. Reckeweg Ceanothus A Dilution 50M CH,bottle of 11 ml Dilution,0.0,0,224.0
Dr. Reckeweg Ceanothus A Dilution 10M CH,bottle of 11 ml Dilution,0.0,0,194.0
FoodVit Sucralose,packet of 100 gm Powder,0.0,0,2265.0
Sweet Herb Stevia Dry Leaves,packet of 100 gm Leaves,0.0,0,209.0
Kontera Tenvito,bottle of 900 ml Liquid,0.0,0,2800.0
Way2Herbal Karela Powder,packet of 1 kg Powder,0.0,0,915.0
Naturz Ayurveda Alfalfa Powder,bottle of 500 gm Powder,0.0,0,1134.0
Diaprime Plus Tablet,strip of 10 tablets,4.6,17,166.0
Origine Naturespired Bael Tablet,bottle of 60 tablets,0.0,0,195.0
Fixobetes Tablet,bottle of 30 tablets,0.0,0,132.0
Ultra-D3 10K Tablet,packet of 30 tablets,3.9,13,291.0
Zycovit Capsule,strip of 10 capsules,0.0,0,8.0
Ultra-D3 4K Tablet,strip of 30 tablets,4.1,18,315.0
Insumin Plus Capsule,strip of 15 capsules,0.0,0,184.0
HealthVit Niacinamide 50mg Tablet,bottle of 60 tablets,0.0,0,291.0
Alphaben Tablet,strip of 10 tablets,0.0,0,126.0
Ultra-D3 1K Tablet,strip of 48 tablets,4.4,25,145.0
St. George’s Capparis Moonii (Rudanti) Mother Tincture Q,bottle of 30 ml Mother Tincture,0.0,0,175.0
Amalth Berberine HCL Banaba Extract Veg Capsules,bottle of 60 vegicaps,0.0,0,1249.0
HealthVit Vitamin K 1.5mg  Capsule,bottle of 60 capsules,3.4,7,492.0
"Healthaid Diaglucoforte Vitamins, Herbs & Minerals Tablet",bottle of 60 tablets,0.0,0,1990.0
Kudos Combo Pack of IME 9 Tablets & Karela Jamun Powder,combo pack of 2 Packs,4.4,5,473.0
GNC Womens Ultra Mega Diabetic Support Multivitamin Caplet,bottle of 90 caplets,0.0,0,3959.0
Similia Insulin Trituration Tablet 3X,bottle of 25 gm Trituration Tablet,0.0,0,140.0
Vitasonic MV Tablet,packet of 30 tablets,0.0,0,343.0
GNC Healthy Blood Sugar Formula Caplet,bottle of 90 caplets,0.0,0,3974.0
Fourrts Dia Dip Syrup,bottle of 200 ml Syrup,0.0,0,150.0
SKRL Abroma Plus Tablet (100gm Each),combo pack of 2 bottles,0.0,0,800.0
Hering Pharma Uranium Nitricum Trituration Tablet 6X,jar of 450 gm Trituration Tablet,0.0,0,1210.0
Uma Ayurveda Vrahat Vangeshwar Ras Tablet (with Gold & Silver),bottle of 10 tablets,0.0,0,650.0
Bjain Gymnema Sylvestre Dilution 3X,bottle of 100 ml Dilution,0.0,0,204.0
Uma Ayurveda Vasant Kusumakar Ras Tablet (with Gold & Silver),bottle of 10 tablets,0.0,0,1200.0
Bjain Gymnema Sylvestre Dilution 6 CH,bottle of 100 ml Dilution,0.0,0,154.0
Similia Gymnema Syl. Mother Tincture Q,bottle of 30 ml Mother Tincture,0.0,0,100.0
Bjain Gymnema Sylvestre Dilution 30 CH,bottle of 100 ml Dilution,0.0,0,154.0
Vshuddha Maca Root Powder,jar of 250 gm Powder,0.0,0,3000.0
Doctor's Best Benfotiamine 150 with Benfopure Veggie Capsule,bottle of 360 vegicaps,0.0,0,6795.0
Heera Jamun Swaras,bottle of 500 ml Juice,0.0,0,215.0
Uma Ayurveda Shilajitwadi Vati (with Gold),bottle of 10 tablets,0.0,0,2450.0
Vitro Naturals Certified Organic Tulsi Juice,bottle of 500 ml Juice,0.0,0,232.0
Naturally Yours Organic Neem Powder,packet of 100 gm Powder,0.0,0,105.0
Bjain Gymnema Sylvestre Dilution 6X,bottle of 10 ml Dilution,0.0,0,79.0
Thrillx Herbs Harde Powder,packet of 100 gm Powder,0.0,0,119.0
Healthaid Carboslim Phase 2 Capsule,packet of 60 capsules,0.0,0,1940.0
Healthaid Chitosan Complex Fat Attracter Capsule,bottle of 90 capsules,0.0,0,2135.0
GNC Ultra Chromium Picolinate Capsule,bottle of 60 capsules,0.0,0,2069.0
Similia Tinospora Cordi Mother Tincture Q,bottle of 30 ml Mother Tincture,0.0,0,110.0
Bjain Gymnema Sylvestre Dilution 12 CH,bottle of 100 ml Dilution,0.0,0,154.0
BeSure Jamun Capsule,bottle of 60 capsules,0.0,0,469.0
Bjain Gymnema Sylvestre Dilution 1000 CH,bottle of 100 ml Dilution,0.0,0,204.0
Neon Plus NH01 Diabocura Drop,bottle of 30 ml Drop,0.0,0,299.0
Bjain Vaccinium Myrtillus Globules 200 CH,bottle of 6 gm Globules,0.0,0,85.0
Uma Ayurveda Chaturbhuj Ras Tablet (with Gold),bottle of 10 tablets,0.0,0,2700.0
Bjain Vaccinium Myrtillus Globules 3X,bottle of 6 gm Globules,0.0,0,85.0
Similia Syzygium Jamb Mother Tincture Q,bottle of 30 ml Mother Tincture,0.0,0,100.0
Uma Ayurveda Madhumehnashini Gutika (with Gold),bottle of 10 tablets,0.0,0,295.0
Pharma Science Diabatreat,bottle of 60 gm Powder,0.0,0,990.0
Garlico Herbal Glycocare Powder,jar of 300 gm Powder,0.0,0,299.0
Vedaone Ashwagandha Capsule,bottle of 60 capsules,0.0,0,158.0
Uma Ayurveda Chaturmukh Ras Tablet (with Gold),bottle of 10 tablets,0.0,0,935.0
Similia Biocom No.7 Tablet,bottle of 25 gm Biocombination Tablet,0.0,0,85.0
oneDrful Life Cinnamon Gummy Supplement Cinnamon,box of 30 gummies,0.0,0,436.0
Bjain Gymnema Sylvestre Dilution 200 CH,bottle of 100 ml Dilution,0.0,0,164.0
All Time Young Mango Leaf Powder,packet of 50 gm Powder,0.0,0,150.0
Nutree Pure Diabe 90 Kwath,bottle of 400 ml Liquid,0.0,0,474.0
Zenith Nutrition Chromium Picolinate 800mcg Capsule,bottle of 60 capsules,0.0,0,646.0
Vedicayur Vedic Neem 500mg Capsule,bottle of 30 capsules,0.0,0,192.0
Bjain Vaccinium Myrtillus Globules 30 CH,bottle of 6 gm Globules,0.0,0,85.0
Amalth Gymnema Banaba Extract Veg Capsules,bottle of 60 vegicaps,0.0,0,899.0
Averdynm Herbals Debetics Powder,jar of 200 gm Powder,0.0,0,290.0
Wonderelements Shatavari Powder,packet of 150 gm Powder,0.0,0,225.0
Amalth Gymnema Sylvestre Extract Veg Capsules,bottle of 60 vegicaps,0.0,0,849.0
Thrillx Herbs Karela Powder,packet of 100 gm Powder,0.0,0,119.0
Bjain Vaccinium Myrtillus Globules 6 CH,bottle of 6 gm Globules,0.0,0,85.0
Bjain Vaccinium Myrtillus Globules 12 CH,bottle of 6 gm Globules,0.0,0,85.0
Bjain Vaccinium Myrtillus Globules 1000 CH,bottle of 6 gm Globules,0.0,0,85.0
Thrillx Herbs Jamun Powder,packet of 100 gm Powder,0.0,0,249.0
Thrillx Herbs Vijaysar Powder,packet of 100 gm Powder,0.0,0,139.0
Bjain Vaccinium Myrtillus Globules 6X,bottle of 6 gm Globules,0.0,0,85.0
