Name,Price,Quantity,Manufacturer
Augmentin 625 Duo Tablet,201.71,strip of 10 tablets,Glaxo SmithKline Pharmaceuticals Ltd
Ascoril LS Syrup,114,bottle of 100 ml Syrup,Glenmark Pharmaceuticals Ltd
Azithral 500 Tablet,119.5,strip of 5 tablets,Alembic Pharmaceuticals Ltd
Allegra 120mg Tablet,203.46,strip of 10 tablets,Sanofi India  Ltd
Aciloc 150 Tablet,40.94,strip of 30 tablets,Cadila Pharmaceuticals Ltd
Avil 25 Tablet,9.97,strip of 15 tablets,Sanofi India  Ltd
Atarax 25mg Tablet,77.75,strip of 15 tablets,Dr Reddy's Laboratories Ltd
Avomine Tablet,50.89,strip of 10 tablets,Abbott
Amoxyclav 625 Tablet,113.25,strip of 6 tablets,Abbott
Anovate Cream,122,tube of 20 gm Cream,USV Ltd
Azee 500 Tablet,119.5,strip of 5 tablets,Cipla Ltd
Alkasol Oral Solution,122.05,bottle of 100 ml Oral Solution,Stadmed Pvt Ltd
Arkamin Tablet,66.05,strip of 30 tablets,Torrent Pharmaceuticals Ltd
Allegra-M Tablet,228.46,strip of 10 tablets,Sanofi India  Ltd
Alex Syrup,129,bottle of 100 ml Syrup,Glenmark Pharmaceuticals Ltd
Augmentin Duo Oral Suspension,67.2,bottle of 30 ml Oral Suspension,Glaxo SmithKline Pharmaceuticals Ltd
Alprax 0.25 Tablet,29,strip of 15 tablets,Torrent Pharmaceuticals Ltd
Altraday Capsule SR,120,strip of 10 capsule sr,Sun Pharmaceutical Industries Ltd
Ativan 2mg Tablet,82.99,strip of 30 tablets,Pfizer Ltd
Asthalin Syrup,16.8,bottle of 100 ml Syrup,Cipla Ltd
Ambrodil-S Syrup,30.2,bottle of 100 ml Syrup,Aristo Pharmaceuticals Pvt Ltd
Ascoril D Plus Syrup Sugar Free,129,bottle of 100 ml Syrup,Glenmark Pharmaceuticals Ltd
Aldactone Tablet,31.95,strip of 15 tablets,RPG Life Sciences Ltd
Allegra 180mg Tablet,239.22,strip of 10 tablets,Sanofi India  Ltd
Ativan 1mg Tablet,68.36,strip of 30 tablets,Pfizer Ltd
Axcer  90mg Tablet,420,strip of 14 tablets,Sun Pharmaceutical Industries Ltd
Allegra Suspension Raspberry & Vanilla,188.78,bottle of 100 ml Oral Suspension,Sanofi India  Ltd
Alprax 0.5mg Tablet SR,60.85,strip of 15 tablet sr,Torrent Pharmaceuticals Ltd
Albendazole 400mg Tablet,8.65,strip of 1 Tablet,Cadila Pharmaceuticals Ltd
Asthalin 100mcg Inhaler,157.85,packet of 200 MDI Inhaler,Cipla Ltd
Betnovate-N  Cream,36.6,tube of 20 gm Cream,Glaxo SmithKline Pharmaceuticals Ltd
Buscopan 10mg Tablet,39.5,strip of 10 tablets,Zydus Cadila
Brufen 400 Tablet,17.47,strip of 15 tablets,Abbott
Brilinta 90mg Tablet,450,strip of 14 tablets,AstraZeneca
Betnesol Tablet,14.1,strip of 20 tablets,Glaxo SmithKline Pharmaceuticals Ltd
Bandy-Plus Chewable Tablet,25,strip of 1 Chewable Tablet,Mankind Pharma Ltd
Betadine 2% Gargle Mint,140,bottle of 50 ml Gargle,Win-Medicare Pvt Ltd
Budecort 0.5mg Respules 2ml,119.46,packet of 5 respules,Cipla Ltd
Betnovate-C Cream,58.6,tube of 30 gm Cream,Glaxo SmithKline Pharmaceuticals Ltd
Betadine 10% Ointment,85.5,tube of 15 gm Ointment,Win-Medicare Pvt Ltd
Betadine 10% Solution,115.36,bottle of 100 ml Solution,Win-Medicare Pvt Ltd
Buscopan 20mg Injection,9.74,vial of 1 ml Injection,Zydus Cadila
Betacap TR 40 Capsule,42.66,strip of 10 capsule pr,Sun Pharmaceutical Industries Ltd
Bro-Zedex Syrup,142.5,bottle of 100 ml Syrup,Dr Reddy's Laboratories Ltd
Banocide Forte Tablet,43.62,strip of 30 tablets,Glaxo SmithKline Pharmaceuticals Ltd
Betnovate Cream,18.79,tube of 20 gm Cream,Glaxo SmithKline Pharmaceuticals Ltd
Bilypsa Tablet,1808,box of 45 tablets,Zydus Cadila
Benadryl Syrup,129,bottle of 150 ml Syrup,Johnson & Johnson Ltd
Benzac AC 2.5% Gel,83,tube of 20 gm Gel,Galderma India Pvt Ltd
Bilasure M 20mg/10mg Tablet,172,strip of 10 tablets,Sun Pharmaceutical Industries Ltd
Bandy-Plus Suspension,33,bottle of 10 ml Oral Suspension,Mankind Pharma Ltd
Bharglob 16.5% Injection,926.16,vial of 2 ml Injection,Bharat Serums & Vaccines Ltd
Betaloc 25mg Tablet,109.5,strip of 30 tablets,AstraZeneca
Bandy Suspension,17.87,bottle of 10 ml Oral Suspension,Mankind Pharma Ltd
Bactrim DS Tablet,25.14,strip of 10 tablets,Abbott
Brakke Tablet,150.5,strip of 10 tablets,Franco-Indian Pharmaceuticals Pvt Ltd
Betnesol Injection 1ml,37.44,packet of 8 injections,Glaxo SmithKline Pharmaceuticals Ltd
Brevipil 50 Tablet,161,strip of 10 tablets,Sun Pharmaceutical Industries Ltd
Baclof 10 Tablet,113.19,strip of 10 tablets,Intas Pharmaceuticals Ltd
Betamil GM Cream,36.2,tube of 25 gm Cream,Merck Ltd
Chymoral Forte Tablet,423.4,strip of 20 tablets,Torrent Pharmaceuticals Ltd
Cyclopam Tablet,51.2,strip of 10 tablets,Indoco Remedies Ltd
Combiflam Tablet,41.87,strip of 20 tablets,Sanofi India  Ltd
Clavam 625 Tablet,201.62,strip of 10 tablets,Alkem Laboratories Ltd
Ceftum 500mg Tablet,452.6,strip of 4 tablets,Glaxo SmithKline Pharmaceuticals Ltd
Cheston Cold Tablet,46.75,strip of 10 tablets,Cipla Ltd
Cyra-D Capsule,47,strip of 10 capsules,Systopic Laboratories Pvt Ltd
Candid-B Cream,139,tube of 20 gm Cream,Glenmark Pharmaceuticals Ltd
Ciplox Eye/Ear Drops,17.05,bottle of 10 ml Eye/Ear Drops,Cipla Ltd
Cypon Syrup,113,bottle of 200 ml Syrup,Geno Pharmaceuticals Ltd
Ciplox 500 Tablet,40.99,strip of 10 tablets,Cipla Ltd
Ciplox TZ  Tablet,155.96,strip of 10 tablets,Cipla Ltd
Cremaffin Plus  Syrup Refreshing Sugar Free,246.12,bottle of 225 ml Syrup,Abbott
Cefix 200 Tablet,107.74,strip of 10 tablets,Cipla Ltd
Candid Mouth Paint,153,bottle of 25 ml Mouth Paint,Glenmark Pharmaceuticals Ltd
Cyclopam Suspension,93.7,bottle of 60 ml Oral Suspension,Indoco Remedies Ltd
Cilacar 10 Tablet,98.89,strip of 10 tablets,J B Chemicals and Pharmaceuticals Ltd
Cetrizine Tablet,18.48,strip of 10 tablets,Knoll Pharmaceuticals Ltd
Concor COR 2.5 Tablet,70.99,strip of 10 tablets,Merck Ltd
Citralka Liquid,104.88,bottle of 100 ml Syrup,Pfizer Ltd
Concor 5 Tablet,105.95,strip of 10 tablets,Merck Ltd
Calpol 500mg Tablet,15.04,strip of 15 tablets,Glaxo SmithKline Pharmaceuticals Ltd
Cepodem 200 Tablet,172,strip of 10 tablets,Sun Pharmaceutical Industries Ltd
Ciplox D Eye/Ear Drops,21.95,packet of 10 ml Eye/Ear Drops,Cipla Ltd
Clobenate-Gm Cream,69.85,tube of 10 gm Cream,Ind Swift Laboratories Ltd
Chericof Syrup,108,bottle of 100 ml Syrup,Sun Pharmaceutical Industries Ltd
Cefakind 500 Tablet,399.9,strip of 10 tablets,Mankind Pharma Ltd
Cidmus 50mg Tablet,1096.5,strip of 14 tablets,Lupin Ltd
Cilacar  T Tablet,142.25,strip of 10 tablets,J B Chemicals and Pharmaceuticals Ltd
Cabgolin 0.5 Tablet,459,strip of 4 tablets,Sun Pharmaceutical Industries Ltd
Dolo 650 Tablet,30.91,strip of 15 tablets,Micro Labs Ltd
Duphaston 10mg Tablet,754.38,strip of 10 tablets,Abbott
Doxinate Tablet,229.15,strip of 30 tablets,Maneesh Pharmaceuticals Ltd
Drotin-M Tablet,193.69,strip of 10 tablets,Walter Bushnell
Dytor 10 Tablet,84.9,strip of 15 tablets,Cipla Ltd
Dytor Plus 10 Tablet,89.3,strip of 15 tablets,Cipla Ltd
Duphalac Oral Solution Lemon,517.78,bottle of 450 ml Oral Solution,Abbott
Drotin DS Tablet,204.04,strip of 15 tablets,Walter Bushnell
Deviry 10mg Tablet,60.25,strip of 10 tablets,Torrent Pharmaceuticals Ltd
Dexona Tablet,3.94,strip of 20 tablets,Zydus Cadila
Dolonex DT 20mg Tablet,196.22,strip of 15 tablet dt,Pfizer Ltd
Diamox Tablet,57.68,strip of 15 tablets,Sun Pharmaceutical Industries Ltd
Defcort 6 Tablet,136.4,strip of 10 tablets,Macleods Pharmaceuticals Pvt Ltd
Daflon 500 MG Tablet,137.5,strip of 10 tablets,Serdia Pharmaceuticals India Pvt Ltd
Dydroboon Tablet,550,strip of 10 tablets,Lifestar Pharma Pvt Ltd
Dytor 5 Tablet,59.29,strip of 15 tablets,Cipla Ltd
Doxt-SL Capsule,100,strip of 10 capsules,Dr Reddy's Laboratories Ltd
Dynapar AQ Injection 1ml,33.46,vial of 1 ml Injection,Troikaa Pharmaceuticals Ltd
Domstal 10mg Tablet,28.8,strip of 10 tablets,Torrent Pharmaceuticals Ltd
Deca-Durabolin 50 Injection,402.5,ampoule of 1 ml Injection,Organon (India) Ltd
Duralast 30 Tablet,189,strip of 4 tablets,Sun Pharmaceutical Industries Ltd
Dulcolax Tablet,10.19,strip of 10 tablets,Boehringer Ingelheim
Duolin 3 Respules 3ml,103.1,packet of 5 respules,Cipla Ltd
Drotin Tablet,59.32,strip of 10 tablets,Walter Bushnell
Diane 35 Tablet,371,strip of 21 tablets,Bayer Zydus Pharma Pvt Ltd
Dalacin C 300mg Capsule,242.64,strip of 10 capsules,Pfizer Ltd
Darolac Sachet,13.5,packet of 2 gm Sachet,Aristo Pharmaceuticals Pvt Ltd
Dynapar Tablet,70.9,strip of 10 tablets,Troikaa Pharmaceuticals Ltd
Deriphyllin Tablet,4.7,strip of 10 tablets,Zydus Cadila
Deriphyllin Retard 150  Tablet PR,30.58,strip of 30 Tablet pr,Zydus Cadila
Ecosprin 75 Tablet,4.86,strip of 14 tablets,USV Ltd
Ecosprin-AV 75 Capsule,55.16,strip of 15 capsules,USV Ltd
Enzoflam Tablet,139,strip of 10 tablets,Alkem Laboratories Ltd
Evion LC Tablet,51.8,strip of 10 tablets,Merck Ltd
Enteroquinol 250mg Tablet,48,strip of 20 tablets,East India Pharmaceutical Works Ltd
Etoshine MR Tablet,250,strip of 10 tablets,Sun Pharmaceutical Industries Ltd
Emeset 4 Tablet,52.62,strip of 10 tablets,Cipla Ltd
Etoshine 90 Tablet,150,strip of 10 tablets,Sun Pharmaceutical Industries Ltd
Ecosprin Gold  20 Capsule,146.39,strip of 15 capsules,USV Ltd
Ecosprin AV 75/20 Capsule,35.76,strip of 10 capsules,USV Ltd
Emeset Syrup Juicy Lemon,41.78,bottle of 30 ml Syrup,Cipla Ltd
Econorm 250mg Capsule,221,strip of 5 capsules,Dr Reddy's Laboratories Ltd
Enzomac Plus Tablet,281.5,strip of 10 tablets,Macleods Pharmaceuticals Pvt Ltd
Eptoin Tablet,231.64,bottle of 120 tablets,Abbott
Emanzen-D Tablet,191.85,strip of 10 tablets,Emcure Pharmaceuticals Ltd
Ecosprin 150 Tablet,8.79,strip of 14 tablets,USV Ltd
Enzar Forte  Tablet,163.7,strip of 15 tablets,Torrent Pharmaceuticals Ltd
Etizola 0.5 Tablet,53.9,strip of 10 tablets,Macleods Pharmaceuticals Pvt Ltd
Eldoper 2mg Capsule,39,strip of 10 capsules,Micro Labs Ltd
Eldervit 12 Combipack,29.7,vial of 1 Injection,Elder Pharmaceuticals Ltd
Ecosprin Gold  10 Capsule,108.5,strip of 15 capsules,USV Ltd
Enzomac Tablet,205,strip of 10 tablets,Macleods Pharmaceuticals Pvt Ltd
Etizola 0.25 Tablet,37.4,strip of 10 tablets,Macleods Pharmaceuticals Pvt Ltd
Eliquis 2.5mg Tablet,435,strip of 10 tablets,Pfizer Ltd
Etova-MR 400/4 Tablet,249.05,strip of 10 tablets,Ipca Laboratories Ltd
Evalon Cream,462.9,tube of 15 gm Vaginal Cream,Torrent Pharmaceuticals Ltd
Emeset Injection 2ml,131.2,packet of 10 injections,Cipla Ltd
Econorm Capsule,221,strip of 6 capsules,Dr Reddy's Laboratories Ltd
Eliwel 10mg Tablet,25.65,strip of 10 tablets,Sun Pharmaceutical Industries Ltd
Equirex Tablet,63.74,strip of 10 tablets,Jagsonpal Pharmaceuticals Ltd
Folvite 5mg Tablet,76.54,strip of 45 tablets,Pfizer Ltd
Flagyl 400 Tablet,23.74,strip of 15 tablets,Abbott
Flexon Tablet,26.3,strip of 15 tablets,Aristo Pharmaceuticals Pvt Ltd
Flexon MR Tablet,24,strip of 10 tablets,Aristo Pharmaceuticals Pvt Ltd
Flavedon MR Tablet,130.9,strip of 10 tablet mr,Serdia Pharmaceuticals India Pvt Ltd
Febutaz 40 Tablet,190,strip of 15 tablets,Sun Pharmaceutical Industries Ltd
Fluka 150 Tablet,13.29,strip of 1 Tablet,Cipla Ltd
Febustat 40 Tablet,123.2,strip of 10 tablets,Abbott
Foracort Inhaler 200,399.16,packet of 120 MDI Inhaler,Cipla Ltd
Febrex Plus Tablet,55.9,strip of 10 tablets,Indoco Remedies Ltd
Flexura D Tablet,185,strip of 10 tablets,Sun Pharmaceutical Industries Ltd
Finax Tablet,285.25,strip of 30 tablets,Dr Reddy's Laboratories Ltd
Fucidin Cream,51.16,tube of 5 gm Cream,Sun Pharmaceutical Industries Ltd
Faronem 200 Tablet,517,strip of 6 tablets,Sun Pharmaceutical Industries Ltd
Forxiga 10mg Tablet,420,strip of 14 tablets,AstraZeneca
Fucibet Cream,73,tube of 15 gm Cream,Sun Pharmaceutical Industries Ltd
Fourderm Cream,97.5,tube of 10 gm Cream,Cipla Ltd
Femilon Tablet,300,strip of 21 tablets,Organon (India) Ltd
Flutivate Cream,177.45,tube of 10 gm Cream,Glaxo SmithKline Pharmaceuticals Ltd
Fludac Capsule,67.97,strip of 15 capsules,Cadila Pharmaceuticals Ltd
Folitrax 7.5 Tablet,121.9,strip of 10 tablets,Ipca Laboratories Ltd
Folitrax 15 Tablet,426.35,strip of 10 tablets,Ipca Laboratories Ltd
Fruselac Tablet,51.2,strip of 10 tablets,Lupin Ltd
Fortwin 30mg Injection,5.58,vial of 1 ml Injection,Sun Pharmaceutical Industries Ltd
Frisium 5 Tablet,86.48,strip of 15 tablets,Sanofi India  Ltd
Famocid 40 Tablet,8.75,strip of 14 tablets,Sun Pharmaceutical Industries Ltd
Fosirol Powder,513.16,sachet of 8 gm Powder,Cipla Ltd
Feburic 40 Tablet,128,strip of 10 tablets,Ajanta Pharma Ltd
Faa 20 Tablet,152.55,strip of 10 tablets,Lupin Ltd
Febuget 40 Tablet,119,strip of 10 tablets,Sun Pharmaceutical Industries Ltd
Gabapin NT Tablet,428,strip of 15 tablets,Intas Pharmaceuticals Ltd
Grilinctus  Syrup,126,bottle of 100 ml Syrup,Franco-Indian Pharmaceuticals Pvt Ltd
Glycomet 500 SR Tablet,47.71,strip of 20 tablet sr,USV Ltd
Glycomet-GP 1 Tablet PR,116.5,strip of 15 Tablet pr,USV Ltd
Gabapin NT 100 Tablet,160.5,strip of 15 tablets,Intas Pharmaceuticals Ltd
Glycomet-GP 2 Tablet PR,170.75,strip of 15 Tablet pr,USV Ltd
Gabapin 100 Tablet,130,strip of 15 tablets,Intas Pharmaceuticals Ltd
Gudcef 200 Tablet,149,strip of 10 tablets,Mankind Pharma Ltd
Glyciphage SR 500mg Tablet,21.31,strip of 10 tablet sr,Franco-Indian Pharmaceuticals Pvt Ltd
Galvus Met 50mg/500mg Tablet,328.5,strip of 15 tablets,Novartis India Ltd
Gudcef-CV 200 Tablet,264,strip of 10 tablets,Mankind Pharma Ltd
Ganaton Tablet,152.18,strip of 10 tablets,Abbott
Glynase-MF Tablet,18.52,strip of 10 tablets,USV Ltd
Grilinctus-BM Syrup,106,bottle of 100 ml Syrup,Franco-Indian Pharmaceuticals Pvt Ltd
Glycomet Tablet,18.7,strip of 10 tablets,USV Ltd
Gemer 1 Tablet PR,84.8,strip of 10 Tablet pr,Sun Pharmaceutical Industries Ltd
Ganaton Total Capsule SR,384.6,strip of 10 capsule sr,Abbott
Grenil Tablet,51.15,strip of 10 tablets,Karnataka Antibiotics & Pharmaceuticals Ltd
Glycomet Trio 2 Tablet SR,205.14,strip of 10 tablet sr,USV Ltd
Grisovin-FP Tablet,17.9,strip of 10 tablets,Glaxo SmithKline Pharmaceuticals Ltd
Glycomet-GP 0.5 Tablet SR,58.25,strip of 10 tablet sr,USV Ltd
Genteal Eye Drop,200,packet of 10 ml Eye Drop,Alcon Laboratories
Gerbisa Tablet,11.22,strip of 10 tablets,Zydus Cadila
GB 29 Total Tablet,214.5,strip of 10 tablets,Corona Remedies Pvt Ltd
Gudlax-Plus Laxative Peppermint Sugar Free,108.9,bottle of 110 ml Oral Suspension,Mankind Pharma Ltd
Gabaneuron Tablet,210,strip of 10 tablets,Aristo Pharmaceuticals Pvt Ltd
Gemcal-D3 Tablet,172,strip of 15 tablets,Alkem Laboratories Ltd
Gabapin 300 Capsule,338,strip of 15 capsules,Intas Pharmaceuticals Ltd
Glycomet 1gm Tablet SR,61.49,strip of 15 tablet sr,USV Ltd
Gutron 2.5mg Tablet,1455,strip of 20 tablets,Bluemed Pharma Pvt Ltd
Hifenac-P Tablet,90.5,strip of 15 tablets,Intas Pharmaceuticals Ltd
HCQS 200 Tablet,110.52,strip of 15 tablets,Ipca Laboratories Ltd
Hetrazan 100 Tablet,44.39,strip of 30 tablets,Pfizer Ltd
Hifenac-MR Tablet,85,strip of 10 tablets,Intas Pharmaceuticals Ltd
Headset Tablet,126.8,strip of 2 tablets,Lupin Ltd
Hepamerz Tablet,221,strip of 10 tablets,Win-Medicare Pvt Ltd
HP Kit,135,packet of 1 Kit,Sun Pharmaceutical Industries Ltd
Hyocimax-S Tablet,54.4,strip of 10 disintegrating strips,Zydus Cadila
Hcg 5000IU Injection,397.18,vial of 1 Injection,Zydus Cadila
HUCOG 5000 HP Injection,439.28,vial of 1 ml Injection,Bharat Serums & Vaccines Ltd
Heptral 400mg Tablet,1061.89,strip of 10 tablets,Abbott
Human Actrapid 40IU/ml Solution for Injection,158.42,vial of 10 ml Solution for Injection,Novo Nordisk India Pvt Ltd
Haemaccel Infusion,509.77,bottle of 500 ml Infusion,Abbott
Hepamerz Injection 10ml,1750,packet of 5 injections,Win-Medicare Pvt Ltd
Human Mixtard 70/30 Suspension for Injection 100IU/ml,451,vial of 10 ml Suspension for Injection,Novo Nordisk India Pvt Ltd
Hyponat-O 15 Tablet,618.14,strip of 10 tablets,Zydus Cadila
Human Mixtard 70/30 Suspension for Injection 40IU/ml,158.42,vial of 10 ml Suspension for Injection,Novo Nordisk India Pvt Ltd
Hexigel Mouth Gel,56.9,tube of 15 gm Mouth Paint,Icpa Health Products Ltd
Hicope Syrup,71.5,bottle of 100 ml Oral Solution,Mankind Pharma Ltd
Hadensa Ointment,145,tube of 40 gm Ointment,Dollar
Hylosoft Eye Drop,425,packet of 10 ml Eye Drop,Neomedix Healthcare India Private Limited
Hifenac-D  Tablet,116,strip of 10 tablets,Intas Pharmaceuticals Ltd
Histafree-M Tablet,139.9,strip of 10 tablets,Mankind Pharma Ltd
Hifenac Tablet,52,strip of 10 tablets,Intas Pharmaceuticals Ltd
Happi-D Capsule SR,150,strip of 10 capsule sr,Zydus Cadila
Huminsulin  30/70 100IU/ml Cartridge 3ml,389,packet of 3 ml Suspension for Injection,Eli Lilly and Company India Pvt Ltd
Histafree 120 Tablet,99,strip of 10 tablets,Mankind Pharma Ltd
Hepakind 300mg Tablet,321.86,strip of 10 tablets,Mankind Pharma Ltd
HCQS 300 Tablet,168.15,strip of 10 tablets,Ipca Laboratories Ltd
Histafree Suspension Raspberry & Vanilla,85,bottle of 60 ml Suspension,Mankind Pharma Ltd
Intagesic-MR Tablet,94,strip of 10 tablets,Intas Pharmaceuticals Ltd
Ibugesic Plus Oral Suspension Orange,35.86,bottle of 60 ml Oral Suspension,Cipla Ltd
Istamet 50mg/500mg Tablet,405.31,strip of 15 tablets,Sun Pharmaceutical Industries Ltd
Imodium Capsule,15.8,strip of 4 capsules,Janssen Pharmaceuticals
Ivabrad 5 Tablet,372.2,strip of 15 tablets,Lupin Ltd
Indocap SR Capsule,125,strip of 10 capsule sr,Jagsonpal Pharmaceuticals Ltd
Inderal 10 Tablet,21.45,strip of 15 tablets,Abbott
Isolazine Tablet,87,strip of 10 tablets,Lupin Ltd
Ibugesic Plus Oral Suspension Strawberry,45.38,bottle of 100 ml Oral Suspension,Cipla Ltd
Isotroin 20 Capsule,299,strip of 10 soft gelatin capsules,Cipla Ltd
IT-Mac 200 Capsule,78.4,strip of 4 capsules,Macleods Pharmaceuticals Pvt Ltd
Ibset Tablet,413.35,strip of 10 tablets,Zydus Cadila
Imdur 30mg Tablet PR,174.3,strip of 30 Tablet pr,AstraZeneca
Inderal 40 Tablet,46.36,strip of 15 tablets,Abbott
Ivrea Shampoo,123.5,bottle of 30 ml Shampoo,Ajanta Pharma Ltd
Ibugesic Plus Tablet,17.05,strip of 15 tablets,Cipla Ltd
Inderal LA 20 Tablet SR,61,strip of 15 tablet sr,Abbott
IPCA MMF 500 Tablet,741.62,strip of 10 tablets,Ipca Laboratories Ltd
Idrofos 150 Tablet,795,strip of 3 tablets,Sun Pharmaceutical Industries Ltd
Iotim Plus Eye Drop,138,bottle of 5 ml Eye Drop,FDC Ltd
Imol Plus Tablet,17.85,strip of 10 tablets,Zydus Cadila
Istavel 100mg Tablet,315,strip of 7 tablets,Sun Pharmaceutical Industries Ltd
Istamet 50mg/1000mg Tablet,416.42,strip of 15 tablets,Sun Pharmaceutical Industries Ltd
Indocap Capsule,55,strip of 10 capsules,Jagsonpal Pharmaceuticals Ltd
Isotroin 10 Capsule,199,strip of 10 capsules,Cipla Ltd
Intaglip-M Tablet,101.5,strip of 10 tablets,Intas Pharmaceuticals Ltd
Janumet 50 mg/500 mg Tablet,405,strip of 15 tablets,MSD Pharmaceuticals Pvt Ltd
Junior Lanzol 15mg Tablet DT,147.87,strip of 15 tablet dt,Cipla Ltd
Jardiance 25mg Tablet,622,strip of 10 tablets,Boehringer Ingelheim
Janumet 50mg/1000mg Tablet,347.5,strip of 15 tablets,MSD Pharmaceuticals Pvt Ltd
Jalra-M  50mg/500mg Tablet,276.38,strip of 10 tablets,USV Ltd
Januvia 100mg Tablet,315,strip of 7 tablets,MSD Pharmaceuticals Pvt Ltd
Jalra 50mg Tablet,300,strip of 15 tablets,USV Ltd
Jardiance 10mg Tablet,513,strip of 10 tablets,Boehringer Ingelheim
Just Tears Eye Drop,107.01,bottle of 10 ml Eye Drop,Sunways India Pvt Ltd
Jointace DN Tablet,370,strip of 15 tablets,Meyer Organics Pvt Ltd
Justoza 10mg Tablet,99,strip of 10 tablets,Mankind Pharma Ltd
Januvia 50mg Tablet,290,strip of 7 tablets,MSD Pharmaceuticals Pvt Ltd
Jalra-OD 100mg Tablet SR,180,strip of 10 tablet sr,USV Ltd
Junior Lanzol 30mg Tablet DT,174.21,strip of 10 tablet dt,Cipla Ltd
Jardiance Met 12.5mg/500mg Tablet,400,strip of 10 tablets,Boehringer Ingelheim
Justoza M 10mg/500mg Tablet,109.53,strip of 10 tablets,Mankind Pharma Ltd
Janumet XR CP Tablet,334.61,strip of 14 tablet sr,MSD Pharmaceuticals Pvt Ltd
Jigest 10mg Tablet,226.77,strip of 10 tablets,Sanzyme Ltd
Jupiros 10 Tablet,188,strip of 15 tablets,Alkem Laboratories Ltd
Jectocos Plus Injection 1.5ml,317.6,packet of 5 ampules,Oaknet Healthcare Pvt Ltd
Josh In 50mg Tablet,159,strip of 9 tablets,Auspi Medicaments
Jonac 100mg Suppository,109.34,packet of 5 suppositories,Zydus Cadila
Jalra-M  50mg/1000mg Tablet,283.76,strip of 10 tablets,USV Ltd
Juvobin 40 Injection,2299,prefilled syringe of 0.4 ml Injection,La Renon Healthcare Pvt Ltd
Justin 100mg Suppository,75.5,packet of 5 suppositories,Neon Laboratories Ltd
Jardiance Met 12.5mg/1000mg Tablet,420,strip of 10 tablets,Boehringer Ingelheim
Jilazo Solution for Injection,3045,vial of 5 ml Solution for Injection,Lupin Ltd
Jbtor 10mg Tablet,51.4,strip of 10 tablets,J B Chemicals and Pharmaceuticals Ltd
Ketorol-DT Tablet,133.5,strip of 15 tablet dt,Dr Reddy's Laboratories Ltd
Kenacort 0.1% Oral Paste,82.75,tube of 5 gm Oral Paste,Abbott
Kenacort 40mg Injection,154.5,vial of 1 ml Injection,Abbott
Krimson 35 Tablet,393,strip of 21 tablets,Sun Pharmaceutical Industries Ltd
KT 5 Derm Cream,72,tube of 15 gm Cream,Laborate Pharmaceuticals India Ltd
Ketoadd Tablet,415,strip of 20 tablets,Sun Pharmaceutical Industries Ltd
KZ Cream,229,tube of 30 gm Cream,Hegde and Hegde Pharmaceutical LLP
K-Bind Powder,159,packet of 15 gm Powder,Zydus Cadila
Keraglo - AD Anti-Dandruff Shampoo,324,bottle of 75 ml Shampoo,Ipca Laboratories Ltd
Ketofresh CT Cream,90,tube of 15 gm Cream,Smart Laboratories Pvt Ltd
Ketosteril Tablet,3790,packet of 100 tablets,Fresenius Kabi India Pvt Ltd
K-Cit Oral Solution,208.5,bottle of 450 ml Oral Solution,Dr Reddy's Laboratories Ltd
Korandil 5 Tablet,164,strip of 10 tablets,Sun Pharmaceutical Industries Ltd
Keto Soap,126,packet of 50 gm Soap,Med Manor Organics Pvt Ltd
Ketanov 10mg Tablet,82,strip of 10 tablets,Sun Pharmaceutical Industries Ltd
Ketomac Shampoo,234,bottle of 110 ml Shampoo,Torque Pharmaceuticals Pvt Ltd
K-Cor 5 Tablet,330,bottle of 20 tablets,Macleods Pharmaceuticals Pvt Ltd
Keto-B Cream,122,tube of 10 gm Cream,Med Manor Organics Pvt Ltd
Ketotram 10mg/25mg Tablet,93.5,strip of 10 tablets,Medley Pharmaceuticals
Kcl Injection,21.87,vial of 10 ml Injection,Hindustan Antibiotics Ltd
Ketorol SP Tablet,79.6,strip of 10 tablets,Dr Reddy's Laboratories Ltd
Kutub 30 X Tablet,220,strip of 4 tablets,Hetero Drugs Ltd
Kamagra 100mg Tablet,131.3,strip of 4 tablets,Ajanta Pharma Ltd
Ketoflam-P Tablet,153.4,strip of 10 tablets,Lupin Ltd
Ketostar Cream,130,tube of 30 gm Cream,Mankind Pharma Ltd
Ketoford 2% Cream,85,tube of 15 gm Cream,Leeford Healthcare Ltd
KZ Lotion,284,bottle of 50 ml Lotion,Hegde and Hegde Pharmaceutical LLP
Ketostar Soap,89.54,packet of 50 gm Soap,Mankind Pharma Ltd
Kamagra-FX 100mg Oral Jelly Cola,55,sachet of 5 gm Oral Jelly,Ajanta Pharma Ltd
Ketoford 10mg Tablet DT,65,strip of 10 tablet dt,Leeford Healthcare Ltd
Lasilactone  50 Tablet,53.59,strip of 10 tablets,Sanofi India  Ltd
Lasix Tablet,12.6,strip of 15 tablets,Sanofi India  Ltd
Levipil 500 Tablet,132.7,strip of 10 tablets,Sun Pharmaceutical Industries Ltd
Levolin 1mg Syrup,24.22,bottle of 100 ml Syrup,Cipla Ltd
Librax 5 mg/2.5 mg Tablet,167.39,strip of 20 tablets,Abbott
Levoflox 500 Tablet,100.24,strip of 10 tablets,Cipla Ltd
Letroz Tablet,228.85,strip of 5 tablets,Sun Pharmaceutical Industries Ltd
Lipaglyn Tablet,402.15,strip of 10 tablets,Zydus Cadila
Lopamide Tablet,21.2,strip of 10 tablets,Torrent Pharmaceuticals Ltd
Levocet Tablet,47,strip of 10 tablets,Hetero Healthcare Limited
Liofen 10 Tablet,113.05,strip of 10 tablets,Sun Pharmaceutical Industries Ltd
Librium 10 Tablet,129.06,strip of 15 tablets,Abbott
Lantus 100IU/ml Solution for Injection,794,cartridge of 3 ml Solution for Injection,Sanofi India  Ltd
Lomotil Tablet,23.15,strip of 20 tablets,RPG Life Sciences Ltd
Lubrex Eye Drop,120,bottle of 10 ml Eye Drop,Micro Labs Ltd
Lyrica 75mg Capsule,884.1,strip of 14 capsules,Pfizer Ltd
Levera 500 Tablet,199.08,strip of 15 tablets,Intas Pharmaceuticals Ltd
Lizolid 600 Tablet,334.78,strip of 10 tablets,Integrace Pvt Ltd
Lobate-GM Neo Cream,95.21,tube of 15 gm Cream,Abbott
Lyser D Tablet,85,strip of 10 tablets,Comed Chemicals Ltd
Lonazep 0.25 Tablet,34,strip of 15 tablets,Sun Pharmaceutical Industries Ltd
Lomofen Tablet,43.1,strip of 20 tablets,RPG Life Sciences Ltd
Lobate GN Skin Cream,68,tube of 15 gm Cream,Abbott
Lanol ER Tablet,21.75,strip of 10 tablet er,Hetero Drugs Ltd
Lox 2% Jelly,35.55,tube of 30 gm Gel,Neon Laboratories Ltd
Lesuride Tablet,107,strip of 10 tablets,Sun Pharmaceutical Industries Ltd
Lasix Injection,11.09,vial of 4 ml Injection,Sanofi India  Ltd
Levocet M Tablet,99,strip of 10 tablets,Hetero Drugs Ltd
Lysoflam Tablet,121,strip of 10 tablets,Cachet Pharmaceuticals Pvt Ltd
L-Cin 500 Tablet,90.49,strip of 10 tablets,Lupin Ltd
Meftal-Spas Tablet,50,strip of 10 tablets,Blue Cross Laboratories Ltd
Metrogyl 400 Tablet,23.85,strip of 15 tablets,J B Chemicals and Pharmaceuticals Ltd
Manforce 100mg Tablet,255,strip of 4 tablets,Mankind Pharma Ltd
Montek LC Tablet,197,strip of 10 tablets,Sun Pharmaceutical Industries Ltd
Meftal-P Suspension,36.5,bottle of 60 ml Oral Suspension,Blue Cross Laboratories Ltd
Montair-LC Tablet,305.86,strip of 15 tablets,Cipla Ltd
Maxtra Syrup,96.05,bottle of 60 ml Syrup,Zuventus Healthcare Ltd
Meprate 10mg Tablet,60.3,strip of 10 tablets,Serum Institute Of India Ltd
Moxikind-CV 625 Tablet,154.55,strip of 10 tablets,Mankind Pharma Ltd
Meganeuron OD Plus Capsule,140,strip of 10 capsules,Aristo Pharmaceuticals Pvt Ltd
Meftal-Forte Tablet,44,strip of 10 tablets,Blue Cross Laboratories Ltd
Manforce 50mg Tablet,297,strip of 9 tablets,Mankind Pharma Ltd
Monocef-O 200 Tablet,169,strip of 10 tablets,Aristo Pharmaceuticals Pvt Ltd
Monocef 1gm Injection,60.52,vial of 1 Injection,Aristo Pharmaceuticals Pvt Ltd
Mobizox Tablet,216,strip of 10 tablets,Sun Pharmaceutical Industries Ltd
Mucinac 600 Effervescent Tablet Orange Sugar Free,266.8,strip of 10 Effervescent Tablet,Cipla Ltd
Manforce Staylong Tablet,264,strip of 4 tablets,Mankind Pharma Ltd
Montair LC Kid Syrup,127.17,bottle of 60 ml Syrup,Cipla Ltd
Mucaine Gel Mint Sugar Free,201.25,bottle of 200 ml Oral Gel,Pfizer Ltd
Montina-L Tablet,64.5,strip of 10 tablets,Aristo Pharmaceuticals Pvt Ltd
Mtp Kit,499,packet of 1 Kit,Cipla Ltd
Myospaz Forte Tablet,280,strip of 10 tablets,Win-Medicare Pvt Ltd
Mintop Forte 5% Solution,868.25,bottle of 60 ml Solution,Dr Reddy's Laboratories Ltd
Morr F 5% Solution,750,bottle of 60 ml Solution,Intas Pharmaceuticals Ltd
Myoril 4mg Capsule,251.3,strip of 10 capsules,Sanofi India  Ltd
MIFEGEST KIT TABLET,436.15,strip of 5 tablets,Zydus Cadila
Montair FX Tablet,202.31,strip of 10 tablets,Cipla Ltd
Monticope Tablet,99.9,strip of 10 tablets,Mankind Pharma Ltd
Meftal 500 Tablet,26,strip of 10 tablets,Blue Cross Laboratories Ltd
Norflox-TZ RF Tablet,97.71,strip of 10 tablets,Cipla Ltd
Nurokind-LC  Tablet,209.25,strip of 15 tablets,Mankind Pharma Ltd
Nexito Plus Tablet,103,strip of 10 tablets,Sun Pharmaceutical Industries Ltd
Normaxin Tablet,25,strip of 10 tablets,Systopic Laboratories Pvt Ltd
Nurokind-Plus RF Capsule,105,strip of 10 capsules,Mankind Pharma Ltd
Naxdom 500 Tablet,86.5,strip of 10 tablets,Sun Pharmaceutical Industries Ltd
Nucoxia MR Tablet,276.75,strip of 10 tablets,Zydus Cadila
Niftas Tablet SR,147,strip of 10 tablet sr,Intas Pharmaceuticals Ltd
Nexito 10 Tablet,90.94,strip of 10 tablets,Sun Pharmaceutical Industries Ltd
Nexpro RD 40  Capsule SR,162.2,strip of 10 capsule sr,Torrent Pharmaceuticals Ltd
Norflox 400 Tablet,70.97,strip of 10 tablets,Cipla Ltd
Nefrosave Tablet,199,strip of 15 tablets,Fourrts India Laboratories Pvt Ltd
Nexpro 40 Tablet,156.1,strip of 15 tablets,Torrent Pharmaceuticals Ltd
Nexito 5 Tablet,51.18,strip of 10 tablets,Sun Pharmaceutical Industries Ltd
Nise Tablet,98.25,strip of 15 tablets,Dr Reddy's Laboratories Ltd
Nodosis Tablet,54,strip of 15 tablets,Steadfast Medishield Pvt Ltd
Nikoran 5 Tablet,365,bottle of 20 tablets,Torrent Pharmaceuticals Ltd
Naprosyn 500 Tablet,79,strip of 15 tablets,RPG Life Sciences Ltd
Nucoxia 90 Tablet,131.1,strip of 10 tablets,Zydus Cadila
Normaxin RT Tablet,59,strip of 10 tablets,Systopic Laboratories Pvt Ltd
Neurobion RF Forte Injection,16.4,ampoule of 2 ml Injection,Procter & Gamble Hygiene and Health Care Ltd
Nicardia Retard 20 Tablet SR,58.28,strip of 15 tablet sr,J B Chemicals and Pharmaceuticals Ltd
Naxdom 250 Tablet,63.5,strip of 10 tablets,Sun Pharmaceutical Industries Ltd
Novelon Tablet,239,strip of 21 tablets,Organon (India) Ltd
Nicip Tablet,43.45,strip of 10 tablets,Cipla Ltd
Nexito Forte Tablet,153,strip of 10 tablets,Sun Pharmaceutical Industries Ltd
Nitrosun 10 Tablet,59.5,strip of 10 tablets,Sun Pharmaceutical Industries Ltd
Nicip Plus Tablet,65.1,strip of 10 tablets,Cipla Ltd
Nitrocontin 2.6 Tablet CR,282,strip of 30 tablet cr,Modi Mundi Pharma Pvt Ltd
O2 Tablet,164.5,strip of 10 tablets,Medley Pharmaceuticals
Ondem -MD 4 Tablet,52.61,strip of 10 tablet md,Alkem Laboratories Ltd
Oflox OZ Tablet,165.41,strip of 10 tablets,Cipla Ltd
Ovral L Tablet,80.36,strip of 21 tablets,Pfizer Ltd
Omnacortil 10 Tablet DT,10.89,strip of 10 tablet dt,Macleods Pharmaceuticals Pvt Ltd
Ondem Syrup,41.72,bottle of 30 ml Oral Solution,Alkem Laboratories Ltd
O2 M Oral Suspension,62.6,bottle of 60 ml Oral Suspension,Medley Pharmaceuticals
Omez Capsule,61.48,strip of 20 capsules,Dr Reddy's Laboratories Ltd
Oxra 10mg Tablet,180.6,strip of 14 tablets,Sun Pharmaceutical Industries Ltd
Ondem 4 Tablet,52.62,strip of 10 tablets,Alkem Laboratories Ltd
Okacet Tablet,18.5,strip of 10 tablets,Cipla Ltd
Omez-Dsr Capsule,186,strip of 15 capsule sr,Dr Reddy's Laboratories Ltd
Optineuron Injection,10.9,ampoule of 3 ml Injection,Lupin Ltd
Orofer FCM Injection,3247,vial of 10 ml Injection,Emcure Pharmaceuticals Ltd
Ovral G Tablet,258.8,strip of 20 tablets,Pfizer Ltd
Omee Capsule,57,packet of 20 capsules,Alkem Laboratories Ltd
Oflox 200 Tablet,88.57,strip of 10 tablets,Cipla Ltd
Ondero 5mg Tablet,515,strip of 10 tablets,Lupin Ltd
Omnacortil Oral Solution,28.89,bottle of 60 ml Oral Solution,Macleods Pharmaceuticals Pvt Ltd
Ornof Tablet,130.5,strip of 10 tablets,Aristo Pharmaceuticals Pvt Ltd
Omnacortil 5 Tablet DT,6.27,strip of 10 tablet dt,Macleods Pharmaceuticals Pvt Ltd
Oflomac-M Forte Suspension,36.7,bottle of 30 ml Oral Suspension,Macleods Pharmaceuticals Pvt Ltd
Oflotas-OZ Tablet,129,strip of 10 tablets,Intas Pharmaceuticals Ltd
Oflox OZ Suspension,41.5,bottle of 30 ml Suspension,Cipla Ltd
Orcerin GM Tablet,217,strip of 10 tablets,Macleods Pharmaceuticals Pvt Ltd
Oleanz 2.5 Tablet,40,strip of 10 tablets,Sun Pharmaceutical Industries Ltd
Omee-D Capsule,190,strip of 15 capsules,Alkem Laboratories Ltd
Oxetol 300 Tablet,112,strip of 10 tablets,Sun Pharmaceutical Industries Ltd
Osteofos 70 Tablet,258.4,strip of 4 tablets,Cipla Ltd
Olopat Eye Drop,180.5,bottle of 5 ml Ophthalmic Solution,Ajanta Pharma Ltd
Primolut-N Tablet,57.3,strip of 10 tablets,Zydus Cadila
PAN 40 Tablet,151,strip of 15 tablets,Alkem Laboratories Ltd
Pan-D Capsule PR,199,strip of 15 capsule pr,Alkem Laboratories Ltd
Placida Tablet,69.57,strip of 10 tablets,Mankind Pharma Ltd
Pantocid DSR Capsule,210,strip of 15 capsule pr,Sun Pharmaceutical Industries Ltd
Pantop 40 Tablet,147,strip of 15 tablets,Aristo Pharmaceuticals Pvt Ltd
Pantop-D SR Capsule,140,strip of 10 capsule pr,Aristo Pharmaceuticals Pvt Ltd
Power Vegra 100mg Tablet,54.18,strip of 4 tablets,Ind Swift Laboratories Ltd
Perinorm Tablet,13.1,strip of 10 tablets,Ipca Laboratories Ltd
Pacitane Tablet,44.45,strip of 30 tablets,Pfizer Ltd
Pantocid Tablet,165,strip of 15 tablets,Sun Pharmaceutical Industries Ltd
Prolomet XL 25 Tablet,45.24,strip of 10 tablet er,Sun Pharmaceutical Industries Ltd
Pantop-D Capsule,106.5,strip of 10 capsules,Aristo Pharmaceuticals Pvt Ltd
Panderm + Cream,102,tube of 15 gm Cream,Macleods Pharmaceuticals Pvt Ltd
Pantosec D SR Capsule,114,strip of 10 capsule pr,Cipla Ltd
Pregabid NT Tablet,329,strip of 15 tablets,Intas Pharmaceuticals Ltd
Pregaba-M 75 Capsule,296.6,strip of 15 capsules,Torrent Pharmaceuticals Ltd
Pregalin 75 Capsule,278.65,strip of 15 capsules,Torrent Pharmaceuticals Ltd
Pause 500 Tablet,182.78,strip of 10 tablets,Emcure Pharmaceuticals Ltd
Progynova 2mg Tablet,545,strip of 28 tablets,Bayer Zydus Pharma Pvt Ltd
Proluton Depot Injection,337,vial of 2 ml Injection,Zydus Cadila
Practin 4mg Tablet,37.15,strip of 10 tablets,Wockhardt Ltd
Placentrex Injection,103,vial of 2 ml Injection,Albert David Ltd
Pentids 400 Tablet,16.5,strip of 6 tablets,Abbott
Pruvict 2 Tablet,334.45,strip of 10 tablets,Torrent Pharmaceuticals Ltd
Predmet 4 Tablet,54,strip of 10 tablets,Sun Pharmaceutical Industries Ltd
Prolomet XL 50 Tablet,64.7,strip of 10 tablet er,Sun Pharmaceutical Industries Ltd
Perinorm Injection,5.24,vial of 2 ml Injection,Ipca Laboratories Ltd
Phenergan Syrup,41.71,bottle of 100 ml Syrup,Abbott
Pilocar 2% Eye Drop,55.1,bottle of 5 ml Eye Drop,FDC Ltd
Quadriderm RF Cream,138,tube of 10 gm Cream,Abbott
Qutipin 25 Tablet,58,strip of 10 tablets,Sun Pharmaceutical Industries Ltd
Qutan 25 Tablet,55,strip of 10 tablets,Intas Pharmaceuticals Ltd
Qutipin 50 Tablet,80,strip of 10 tablets,Sun Pharmaceutical Industries Ltd
Qutan 50 Tablet,82.5,strip of 10 tablets,Intas Pharmaceuticals Ltd
Quadrajel Gel,57,tube of 15 gm Dental Gel,Fourrts India Laboratories Pvt Ltd
Qutipin 100 Tablet,97,strip of 10 tablets,Sun Pharmaceutical Industries Ltd
Qmax 200mg Tablet,79,strip of 10 tablets,Alkem Laboratories Ltd
Qtern 5mg/10mg Tablet,812,strip of 14 tablets,AstraZeneca
Q-Car Forte  Tablet,550,strip of 10 tablets,Nexgen Pharma
Qudict 2 mg/0.5 mg Tablet,328,strip of 10 tablets,Sun Pharmaceutical Industries Ltd
Q-Car Tablet,300,strip of 10 tablets,Nexgen Pharma
Qutan 100 Tablet,110,strip of 10 tablets,Intas Pharmaceuticals Ltd
Quard Cream,49,tube of 15 gm Cream,Laborate Pharmaceuticals India Ltd
Qmax OZ 200 mg/500 mg Tablet,121,strip of 10 tablets,Alkem Laboratories Ltd
Qutan SR 100 Tablet,106,strip of 10 tablet sr,Intas Pharmaceuticals Ltd
Qutipin SR 100 Tablet,102,strip of 10 Tablet pr,Sun Pharmaceutical Industries Ltd
Qutipin 200 Tablet,166,strip of 10 tablets,Sun Pharmaceutical Industries Ltd
Qutipin SR 50 Tablet,75,strip of 10 tablet sr,Sun Pharmaceutical Industries Ltd
Q-Sap Eye Ointment,85,tube of 5 gm Eye Ointment,Sapient Laboratories Pvt Ltd
Qure 500 Tablet,90.05,strip of 10 tablets,Aristo Pharmaceuticals Pvt Ltd
Qutipin SR 200 Tablet,164,strip of 10 Tablet pr,Sun Pharmaceutical Industries Ltd
Quel 25mg Tablet,47.6,strip of 10 tablets,Ipca Laboratories Ltd
Q Life 500mg Tablet,38,strip of 5 tablets,Que Pharma Pvt Ltd
Qustain P 1000 Tablet SR,60,strip of 12 tablet sr,Aksigen Hospital Care
Quadriderm NF Cream,53,tube of 5 gm Cream,Fulford India Ltd
Quadriline Ointment,42.25,tube of 15 gm Ointment,Universal Drug House Pvt Ltd
Qutan SR 50 Tablet,76.5,strip of 10 Tablet pr,Intas Pharmaceuticals Ltd
Q 300mg Tablet,56.92,strip of 10 tablets,Rhombus Pharma Pvt Ltd
Refresh Tears Eye Drop,143.35,bottle of 10 ml Eye Drop,Allergan India Pvt Ltd
Rifagut 400 Tablet,366,strip of 10 tablets,Sun Pharmaceutical Industries Ltd
Retrolax Syrup,333,bottle of 200 ml Syrup,Retro Life Sciences
Regestrone 5mg Tablet,57.3,strip of 10 tablets,Torrent Pharmaceuticals Ltd
Rantac 150 Tablet,40.75,strip of 30 tablets,J B Chemicals and Pharmaceuticals Ltd
Redotil 100mg Capsule,353.25,strip of 15 capsules,Dr Reddy's Laboratories Ltd
Rosuvas 10 Tablet,292,strip of 15 tablets,Sun Pharmaceutical Industries Ltd
ROKO Capsule,22.96,strip of 10 capsules,Cipla Ltd
Rivotril 0.5mg Tablet,57.83,strip of 15 tablets,Abbott
Razo-D Capsule SR,298.5,strip of 15 capsule sr,Dr Reddy's Laboratories Ltd
Retino-A 0.025% Cream,230,tube of 20 gm Cream,Janssen Pharmaceuticals
Rifagut 550 Tablet,455,strip of 10 tablets,Sun Pharmaceutical Industries Ltd
Rebagen Tablet,125.4,strip of 10 tablets,Macleods Pharmaceuticals Pvt Ltd
Rantac Syrup Mint,134.4,bottle of 100 ml Oral Solution,J B Chemicals and Pharmaceuticals Ltd
Rabekind-DSR Capsule,93.5,strip of 10 capsule sr,Mankind Pharma Ltd
Reswas Syrup,108.75,bottle of 120 ml Syrup,Dr Reddy's Laboratories Ltd
Razo 20 Tablet,242.75,strip of 15 tablets,Dr Reddy's Laboratories Ltd
Rablet D Capsule SR,183,strip of 10 capsule sr,Lupin Ltd
Relent Plus Syrup,98.25,bottle of 60 ml Syrup,Dr Reddy's Laboratories Ltd
Rexidin-M Forte Gel,75.5,tube of 15 gm Dental Gel,Indoco Remedies Ltd
Rabesec-D SR Capsule,133.1,strip of 10 capsule sr,Cipla Ltd
Rozavel 10 Tablet,194,strip of 10 tablets,Sun Pharmaceutical Industries Ltd
Ridol 2mg Tablet,22.18,strip of 10 tablets,Gufic Bioscience Ltd
Rosuvas F 10 Tablet,367,strip of 15 tablets,Sun Pharmaceutical Industries Ltd
Roxid 150 Tablet,176.3,strip of 10 tablets,Alembic Pharmaceuticals Ltd
Restyl 0.25mg Tablet,25.6,strip of 15 tablets,Cipla Ltd
Reheptin Tablet,300,strip of 10 tablets,Mankind Pharma Ltd
Resner Plus Tablet,180,strip of 10 tablets,Lupin Ltd
Ryzodeg 100IU/ml Penfill,1126,penfill of 3 ml Solution for Injection,Novo Nordisk India Pvt Ltd
Renolog Tablet,374,strip of 10 tablets,La Renon Healthcare Pvt Ltd
Sinarest New Tablet,61.25,strip of 10 tablets,Centaur Pharmaceuticals Pvt Ltd
Stemetil MD Tablet,71.5,strip of 10 tablet md,Abbott
Signoflam Tablet,122.3,strip of 10 tablets,Lupin Ltd
Stugeron Tablet,217,strip of 25 tablets,Janssen Pharmaceuticals
Sompraz D 40 Capsule SR,121.83,strip of 10 capsule sr,Sun Pharmaceutical Industries Ltd
Soframycin 1% Skin Cream,55.35,tube of 30 gm Cream,Sanofi India  Ltd
Sorbiline Syrup,153.5,bottle of 200 ml Syrup,Franco-Indian Pharmaceuticals Pvt Ltd
Sompraz 40 Tablet,139,strip of 15 tablets,Sun Pharmaceutical Industries Ltd
Sorbitrate 5 Tablet,46.48,strip of 50 Sublingual tablet,Abbott
Suhagra 100 Tablet,192,strip of 4 tablets,Cipla Ltd
Sibelium 10mg Tablet,158.9,strip of 30 tablets,Janssen Pharmaceuticals
Sumo Tablet,124,strip of 15 tablets,Alkem Laboratories Ltd
Susten SR 200 Tablet,456,strip of 10 tablet sr,Sun Pharmaceutical Industries Ltd
Spasmo-Proxyvon Plus Capsule,46,strip of 8 capsules,Wockhardt Ltd
Surfaz-SN Cream,95,tube of 10 gm Cream,Franco-Indian Pharmaceuticals Pvt Ltd
Silodal 8 Capsule,278,strip of 10 capsules,Sun Pharmaceutical Industries Ltd
Solvin Cold Tablet,56.15,strip of 10 tablets,Ipca Laboratories Ltd
Stamlo 5 Tablet,96.98,strip of 30 tablets,Dr Reddy's Laboratories Ltd
Syndopa Plus Tablet,24.77,strip of 10 tablets,Sun Pharmaceutical Industries Ltd
Sucrafil O Gel Sugar Free,229,bottle of 200 ml Suspension,Fourrts India Laboratories Pvt Ltd
Suhagra 50 Tablet,121,strip of 4 tablets,Cipla Ltd
Smuth Cream,127.75,tube of 30 gm Rectal Cream,Aristo Pharmaceuticals Pvt Ltd
Septran Tablet,8.74,strip of 10 tablets,Koye Pharmaceuticals Pvt ltd
Susten 200 Soft Gelatin Capsule,315,strip of 10 soft gelatin capsules,Sun Pharmaceutical Industries Ltd
Susten SR 300 Tablet,671,strip of 10 tablet sr,Sun Pharmaceutical Industries Ltd
Seroflo 250 Inhaler,733.09,packet of 120 MDI Inhaler,Cipla Ltd
Sucral-O Suspension,243,bottle of 200 ml Suspension,Strassenburg Pharmaceuticals.Ltd
Septran DS 800mg/160mg Tablet,22.74,strip of 10 tablets,Koye Pharmaceuticals Pvt ltd
Taxim-O 200 Tablet,107.72,strip of 10 tablets,Alkem Laboratories Ltd
Tryptomer 10mg Tablet,76.94,strip of 30 tablets,Dr Reddy's Laboratories Ltd
Telma 40 Tablet,222.1,strip of 30 tablets,Glenmark Pharmaceuticals Ltd
Thrombophob Ointment,120.5,tube of 20 gm Ointment,Zydus Cadila
T-Bact 2% Ointment,134,tube of 5 gm Ointment,Glaxo SmithKline Pharmaceuticals Ltd
Trenaxa 500 Tablet,109.68,strip of 6 tablets,Macleods Pharmaceuticals Pvt Ltd
Trajenta 5mg Tablet,515,strip of 10 tablets,Boehringer Ingelheim
Telmikind 40 Tablet,34.85,strip of 10 tablets,Mankind Pharma Ltd
Taxim-O Dry Syrup Delicious Pineapple,48.61,bottle of 30 ml Oral Suspension,Alkem Laboratories Ltd
Telma-AM Tablet,256.5,strip of 15 tablets,Glenmark Pharmaceuticals Ltd
Telmikind-AM Tablet,63.04,strip of 10 tablets,Mankind Pharma Ltd
Thyronorm 25mcg Tablet,194.56,bottle of 120 tablets,Abbott
Teczine Tablet,88,strip of 10 tablets,Sun Pharmaceutical Industries Ltd
TusQ-DX Liquid,90,bottle of 100 ml Liquid,Blue Cross Laboratories Ltd
Tess Oral Paste,85,tube of 5 gm Oral Paste,Troikaa Pharmaceuticals Ltd
Thrombophob Gel,171.6,tube of 20 gm Gel,Zydus Cadila
Telmikind-H Tablet,75,strip of 10 tablets,Mankind Pharma Ltd
Tenovate Cream,141.95,tube of 30 gm Cream,Glaxo SmithKline Pharmaceuticals Ltd
Tazloc 40 Tablet,81.98,strip of 10 tablets,USV Ltd
Telma H Tablet,484,strip of 30 tablets,Glenmark Pharmaceuticals Ltd
Trapic MF Tablet,394,strip of 10 tablets,Sun Pharmaceutical Industries Ltd
Telekast-L Tablet,222.15,strip of 10 tablets,Lupin Ltd
Taxim 1gm Injection,38.49,vial of 5 ml Injection,Alkem Laboratories Ltd
Tide Plus 10 Tablet,40.35,strip of 10 tablets,Torrent Pharmaceuticals Ltd
Trental 400 Tablet PR,68.67,strip of 15 Tablet pr,Sanofi India  Ltd
Thyronorm 50mcg Tablet,146.24,bottle of 120 tablets,Abbott
Telma 20 Tablet,61.33,strip of 15 tablets,Glenmark Pharmaceuticals Ltd
Tryptomer 25mg Tablet,75.94,strip of 30 tablets,Dr Reddy's Laboratories Ltd
Telvas 40 Tablet,88.46,strip of 15 tablets,Aristo Pharmaceuticals Pvt Ltd
Telvas-AM Tablet,76,strip of 10 tablets,Aristo Pharmaceuticals Pvt Ltd
Ultracet Tablet,239,strip of 15 tablets,Janssen Pharmaceuticals
Unwanted Kit Tablet,393.14,strip of 1 Tablet,Mankind Pharma Ltd
Udiliv 300 Tablet,694.19,strip of 15 tablets,Abbott
Urispas Tablet,415.18,strip of 15 tablets,Walter Bushnell
Urimax 0.4 Capsule MR,366.84,packet of 30 capsule mr,Cipla Ltd
Urimax D Tablet MR,525.74,strip of 15 tablet mr,Cipla Ltd
Uprise-D3 60K Capsule,129.43,strip of 4 capsules,Alkem Laboratories Ltd
Unwanted 21 Days Tablet,60,strip of 21 tablets,Mankind Pharma Ltd
Ursocol 300 Tablet,263,strip of 10 tablets,Sun Pharmaceutical Industries Ltd
Udapa 10 Tablet,145,strip of 10 tablets,USV Ltd
Udiliv 150mg Tablet,395.98,strip of 15 tablets,Abbott
Ultracet Semi Tablet,146,strip of 15 tablets,Janssen Pharmaceuticals
Urikind Tablet,168.1,strip of 10 tablets,Mankind Pharma Ltd
Uribid Tablet,201,strip of 15 tablets,Intas Pharmaceuticals Ltd
Unistar 75 Capsule,147.85,strip of 15 capsules,Torrent Pharmaceuticals Ltd
Ulgel-A Oral Suspension,168.6,bottle of 200 ml Oral Suspension,Alembic Pharmaceuticals Ltd
Urifast Capsule,146.49,strip of 15 capsules,Cipla Ltd
Ubicar Tablet,365,strip of 10 tablets,Fourrts India Laboratories Pvt Ltd
Ulgel Oral Suspension Saunf Sugar Free,131.6,bottle of 200 ml Oral Suspension,Alembic Pharmaceuticals Ltd
Urotone Tablet,156.3,strip of 10 tablets,Samarth Life Sciences Pvt Ltd
Uphold Tablet,331,strip of 4 tablets,Fourrts India Laboratories Pvt Ltd
Ugesic Sublingual tablet,126,strip of 10 Sublingual tablet,Meyer Organics Pvt Ltd
Unicontin-E 400 Tablet CR,197,strip of 10 tablet cr,Modi Mundi Pharma Pvt Ltd
Urikind-K Solution,72.45,bottle of 100 ml Oral Solution,Mankind Pharma Ltd
Udapa-M 500 XR Tablet,114.46,strip of 10 tablet er,USV Ltd
Ultranise 37.5mg/325mg Tablet,66.5,strip of 10 tablets,Dr Reddy's Laboratories Ltd
Viagra 100mg Tablet,1055,strip of 2 tablets,Pfizer Ltd
Vertin 16 Tablet,295.77,strip of 15 tablets,Abbott
Voveran SR 100 Tablet,178.97,strip of 15 Tablet pr,Novartis India Ltd
Vigore 100 Red Tablet,116,strip of 4 tablets,Zydus Healthcare Limited
Vasograin Tablet,112.7,strip of 14 tablets,Cadila Pharmaceuticals Ltd
VSL 3 Capsule,425,strip of 10 capsules,Sun Pharmaceutical Industries Ltd
Vomikind -MD 4 Tablet,40.65,strip of 10 tablet dt,Mankind Pharma Ltd
Vymada 50mg Tablet,1100.5,strip of 14 tablets,Novartis India Ltd
Vertin 8mg Tablet,160.56,strip of 15 tablets,Abbott
Vitcofol Injection,79.5,vial of 10 ml Injection,FDC Ltd
Veloz D Capsule SR,188.15,strip of 10 capsule sr,Torrent Pharmaceuticals Ltd
Viagra 50mg Tablet,525,strip of 2 tablets,Pfizer Ltd
Veltam 0.4 Tablet MR,171,strip of 15 tablet mr,Intas Pharmaceuticals Ltd
Veltam Plus Tablet MR,434,strip of 15 tablet mr,Intas Pharmaceuticals Ltd
Voveran 50 GE Tablet,108.95,strip of 15 gelatin coated tablets,Novartis India Ltd
Vertigon Tablet,49.5,strip of 10 tablets,Geno Pharmaceuticals Ltd
Vomikind Syrup,37.43,bottle of 30 ml Oral Solution,Mankind Pharma Ltd
Veloz 20 Tablet,170.75,strip of 15 tablets,Torrent Pharmaceuticals Ltd
Vigora 50mg Tablet MD,77.7,strip of 4 tablet md,Zydus Cadila
Voveran AQ Injection,29.45,ampoule of 1 ml Injection,Novartis India Ltd
Vildamac M 50/500 Tablet,124,strip of 15 tablets,Macleods Pharmaceuticals Pvt Ltd
Valcivir 1000 Tablet,313.5,strip of 3 tablets,Cipla Ltd
Volibo 0.3 Tablet,143,strip of 10 tablets,Sun Pharmaceutical Industries Ltd
Vertistar -MD 16 Tablet,94,strip of 10 tablet dt,Mankind Pharma Ltd
Vigamox Ophthalmic Solution,357,bottle of 5 ml Ophthalmic Solution,Alcon Laboratories
Vigore Spray,170,packet of 15 gm Spray,Zydus Healthcare Limited
Vitamin A Chewable Tablet,7.84,strip of 10 Chewable Tablets,Abbott
Valium 5 Tablet,15.91,strip of 10 tablets,Abbott
Vigore 50 Red Tablet,77.7,strip of 4 tablets,Zydus Healthcare Limited
Ventidox-M Tablet SR,87.84,strip of 10 tablet sr,Mankind Pharma Ltd
Wysolone 10 Tablet DT,25.06,strip of 15 tablet dt,Pfizer Ltd
Wikoryl 10 Tablet,42.75,strip of 10 tablets,Alembic Pharmaceuticals Ltd
Walamycin Suspension,51.95,bottle of 30 ml Oral Suspension,Wallace Pharmaceuticals Pvt Ltd
Wikoryl Tablet,48,strip of 10 tablets,Alembic Pharmaceuticals Ltd
Wikoryl DS Syrup Orange,83.55,bottle of 60 ml Syrup,Alembic Pharmaceuticals Ltd
Wysolone 5 Tablet DT,13.82,strip of 15 tablet dt,Pfizer Ltd
Wikoryl AF Syrup,72.05,bottle of 60 ml Syrup,Alembic Pharmaceuticals Ltd
Wysolone 20 Tablet DT,45.07,strip of 15 tablet dt,Pfizer Ltd
Winolap Eye Drop,171,packet of 5 ml Ophthalmic Solution,Sun Pharmaceutical Industries Ltd
Wysolone 5mg Tablet,13.82,strip of 10 tablets,Pfizer Ltd
Waxonil Activ Ear Drop,119.3,packet of 10 ml Ear Drop,Entod Pharmaceuticals Ltd
Wax-Off Ear Drop,90,bottle of 10 ml Ear Drop,Nri Vision Care India Limited
Warf 5 Tablet,38.8,strip of 15 tablets,Cipla Ltd
Wikoryl Oral Drops,91.75,packet of 15 ml Oral Drops,Alembic Pharmaceuticals Ltd
Wikoryl AF Drops,87.4,bottle of 15 ml Oral Drops,Alembic Pharmaceuticals Ltd
Wepox 4000 Injection,1480,prefilled syringe of 0.4 ml Injection,Wockhardt Ltd
Waxonil Ear Drop,77,packet of 10 ml Ear Drop,Entod Pharmaceuticals Ltd
Wymox 500mg Capsule,113.54,strip of 15 capsules,Pfizer Ltd
Wysolone 40mg Tablet,51.17,strip of 10 tablets,Pfizer Ltd
Welminic Syrup,74,bottle of 60 ml Syrup,Delcure Life Sciences
Waklert 50 Tablet,158,strip of 10 tablets,Sun Pharmaceutical Industries Ltd
Walacort Tablet,14.1,strip of 20 tablets,Wallace Pharmaceuticals Pvt Ltd
Willgo CR Tablet,73.2,strip of 10 tablet cr,Panacea Biotec Ltd
Warf 2 Tablet,43.84,strip of 15 tablets,Cipla Ltd
Wellcal K2 7 Softgel Capsule,180,strip of 10 soft gelatin capsules,Wellcuring Lifesciences Pvt Ltd
Winolap DS Eye Drop,217,packet of 2.5 ml Ophthalmic Solution,Sun Pharmaceutical Industries Ltd
Wokadine 10% Ointment,87.53,tube of 15 gm Ointment,Dr Reddy's Laboratories Ltd
Wikoryl Oral Suspension American Ice Cream,76.3,bottle of 60 ml Oral Suspension,Alembic Pharmaceuticals Ltd
Wat-R Eye Drop,91.55,bottle of 10 ml Eye Drop,Deys Medical
Xylocaine 2% Jelly,66.7,tube of 50 gm Jelly,Zydus Cadila
Xyzal 5mg Tablet,164.25,strip of 15 tablets,Dr Reddy's Laboratories Ltd
Xarelto 20mg Tablet,2030,box of 28 tablets,Bayer Zydus Pharma Pvt Ltd
Xone 1000mg Injection,60.18,vial of 5 ml Injection,Alkem Laboratories Ltd
Xarelto 10mg Tablet,1015,strip of 7 tablets,Bayer Zydus Pharma Pvt Ltd
Xykaa MR 4 Tablet,210,strip of 10 tablets,Troikaa Pharmaceuticals Ltd
Xafinact 50 Tablet,138,strip of 10 tablets,Sun Pharmaceutical Industries Ltd
Xone XP 1000mg/125mg Injection,191,vial of 5 ml Injection,Alkem Laboratories Ltd
Xidorin Tablet,1000,strip of 20 tablets,Sun Pharmaceutical Industries Ltd
Xygrel 90 Tablet,214,strip of 10 tablets,Intas Pharmaceuticals Ltd
Xylocaine Spray,476.56,packet of 50 ml Spray,Zydus Cadila
Xykaa Rapid 650 Tablet,20.59,strip of 10 tablets,Troikaa Pharmaceuticals Ltd
Xyzal M Tablet,126.5,strip of 10 tablets,Dr Reddy's Laboratories Ltd
Xyzal Syrup,136,bottle of 60 ml Syrup,Dr Reddy's Laboratories Ltd
Xarelto 15mg Tablet,1015,strip of 14 tablets,Bayer Zydus Pharma Pvt Ltd
Xalatan Eye Drop,596.53,packet of 2.5 ml Eye Drop,Pfizer Ltd
Xtor 10 Tablet,68.21,strip of 10 tablets,Ipca Laboratories Ltd
Xarelto 2.5mg Tablet,508,strip of 14 tablets,Bayer Zydus Pharma Pvt Ltd
Xylocaine 2% Injection,36.54,vial of 30 ml Injection,Zydus Cadila
Xylocaine 5% Ointment,66.7,tube of 50 gm Ointment,Zydus Cadila
Xeljanz 5mg Tablet,66344,bottle of 60 tablets,Pfizer Ltd
Xylocaine NF Cream,177,tube of 30 gm Cream,Zydus Cadila
Xlha Eye Drop,450,bottle of 10 ml Eye Drop,Sunways India Pvt Ltd
Xylocaine Viscous Solution,160.18,bottle of 200 ml Solution,Zydus Cadila
Xtralite Mild Cream,576,tube of 20 gm Cream,La Pristine Bioceuticals Pvt Ltd
Xymoheal D Tablet,273.75,strip of 10 tablets,Corona Remedies Pvt Ltd
Xtralite Cream,567,tube of 15 gm Cream,La Pristine Bioceuticals Pvt Ltd
Xigduo XR 10mg/1000mg Tablet,418.6,strip of 7 tablet er,AstraZeneca
Xenadom 500 Tablet,95,strip of 10 tablets,Icon Life Sciences
Yasmin Tablet,545,strip of 21 tablets,Bayer Zydus Pharma Pvt Ltd
Yamini Tablet,655.5,strip of 21 tablets,Lupin Ltd
Yees-D Capsule SR,117,strip of 10 capsule sr,Alkem Laboratories Ltd
Yees 40 Tablet,146,strip of 15 tablets,Alkem Laboratories Ltd
YAZ Tablet,481,strip of 28 tablets,Bayer Zydus Pharma Pvt Ltd
Yuliprist Tablet,1299,strip of 10 tablets,Jagsonpal Pharmaceuticals Ltd
Yaw Plus 10mg/30mg Tablet,275,strip of 4 tablets,Corona Remedies Pvt Ltd
Yamini LS Kit,375.75,strip of 24 tablets,Lupin Ltd
Ycyst M Tablet,159,strip of 10 tablets,VIVO Life Science
Yuxa 35 Tablet,349,strip of 21 tablets,Cheminnova Life Sciences
Yaw 2.5 Tablet,110,strip of 10 tablets,Corona Remedies Pvt Ltd
Yaw 5 Tablet,165,strip of 10 tablets,Corona Remedies Pvt Ltd
Yaw 10 Tablet,220,strip of 10 tablets,Corona Remedies Pvt Ltd
Yogatel 40 Tablet,98.5,strip of 15 tablets,HiGlance Laboratories
Yees 20mg Tablet,62.5,strip of 15 tablets,Alkem Laboratories Ltd
Yemetil 25mg Tablet,4.5,strip of 10 tablets,La Pharmaceuticals
Yuvti Tablet,475,strip of 21 tablets,Vhl Pharmaceuticals Private Limited
Yogamin-M 75 Capsule,130,strip of 10 capsules,HiGlance Laboratories
Yemetil 50mg Tablet,19.55,strip of 10 tablets,Manas Pharmaceuticals Pvt Ltd
Yanci  Tablet,383,strip of 21 tablets,Mylan Pharmaceuticals Pvt Ltd
Yogamet-GM 2 Tablet ER,104.5,strip of 10 tablet er,HiGlance Laboratories
Yogatel-AM 40mg/5mg Tablet,118.9,strip of 15 tablets,HiGlance Laboratories
Yogaros 10 Tablet,151.5,strip of 15 tablets,HiGlance Laboratories
Yogazam 10mg Tablet,92.33,strip of 10 tablets,Micro Labs Ltd
Yogamet-GM 1 Tablet ER,65,strip of 10 tablet er,HiGlance Laboratories
Yogaros Gold 75mg/20mg/75mg Capsule,218,strip of 10 capsules,HiGlance Laboratories
Y-Fi Plus Tablet,89,strip of 10 tablets,Syndicate Life Sciences Pvt Ltd
Yogazam 5mg Tablet,52.46,strip of 10 tablets,Micro Labs Ltd
Yashcold Tablet,31.45,strip of 10 tablets,Yash Pharma Laboratories Pvt Ltd
Yekin S 50 mg/20 mg Tablet,60,strip of 10 tablets,Ramose Laboratories Pvt Ltd
Zerodol-SP Tablet,107.6,strip of 10 tablets,Ipca Laboratories Ltd
Zerodol-P Tablet,60.4,strip of 10 tablets,Ipca Laboratories Ltd
Zifi 200 Tablet,119,strip of 10 tablets,FDC Ltd
Zerodol-MR Tablet,98.5,strip of 10 tablets,Ipca Laboratories Ltd
Zerodol TH 4 Tablet,209,strip of 10 tablets,Ipca Laboratories Ltd
Zerodol Tablet,51.45,strip of 10 tablets,Ipca Laboratories Ltd
Zenflox-OZ Tablet,118.45,strip of 10 tablets,Mankind Pharma Ltd
Zolfresh 10mg Tablet,157.37,strip of 15 tablets,Abbott
Zyloric Tablet,21.26,strip of 10 tablets,Glaxo SmithKline Pharmaceuticals Ltd
Zapiz 0.5 Tablet,34.94,strip of 10 tablets,Intas Pharmaceuticals Ltd
Zayo 50 Tablet,1050,bottle of 30 tablets,Eris Lifesciences Ltd
Zolfresh 5 Tablet,100.21,strip of 15 tablets,Abbott
Zentel Chewable Tablet,8.62,strip of 1 Chewable Tablet,Glaxo SmithKline Pharmaceuticals Ltd
Zapiz 0.25 Tablet,15.56,strip of 10 tablets,Intas Pharmaceuticals Ltd
Zytee RB Gel,113,tube of 10 ml Dental Gel,Raptakos Brett & Co Ltd
Zerodol Spas Tablet,131.6,strip of 10 tablets,Ipca Laboratories Ltd
Zenflox-UTI Tablet,186.34,strip of 10 tablets,Mankind Pharma Ltd
Zentel Oral Suspension,19.82,bottle of 10 ml Oral Suspension,Glaxo SmithKline Pharmaceuticals Ltd
Zedott 100mg Capsule,212.2,strip of 10 capsules,Torrent Pharmaceuticals Ltd
Zocef 500 Tablet,810,strip of 10 tablets,Alkem Laboratories Ltd
Zifi CV 200 Tablet,278,strip of 10 tablets,FDC Ltd
Zifi-O Tablet,167,strip of 10 tablets,FDC Ltd
Zedex Cough Syrup,144.25,bottle of 100 ml Syrup,Wockhardt Ltd
Zerodol -CR Tablet,83.3,strip of 10 tablet cr,Ipca Laboratories Ltd
Zanocin 200 Tablet,89,strip of 10 tablets,Sun Pharmaceutical Industries Ltd
Zofer MD 4 Tablet,52.61,strip of 10 tablet dt,Sun Pharmaceutical Industries Ltd
Zostum 1.5gm Injection,376.2,vial of 1.5 gm Injection,Zuventus Healthcare Ltd
Zytee Dental Gel,113,packet of 10 ml Dental Gel,Raptakos Brett & Co Ltd
Zocef-CV 500 Tablet,570,strip of 6 tablets,Alkem Laboratories Ltd
Zole-F Ointment,95,tube of 15 gm Ointment,Sun Pharmaceutical Industries Ltd
